departure_terminal,arrival_terminal,vessel_name,scheduled_departure_year,scheduled_departure_month,scheduled_departure_day,scheduled_departure_hour,scheduled_departure_minute,actual_departure_year,actual_departure_month,actual_departure_day,actual_departure_hour,actual_departure_minute,arrival_year,arrival_month,arrival_day,arrival_hour,arrival_minute
Tsawwassen,Swartz Bay,Queen of New Westminster,2017,07,01,06,00,2017,07,01,06,07,2017,07,01,07,34
Tsawwassen,Swartz Bay,Spirit of British Columbia,2017,07,01,07,00,2017,07,01,07,01,2017,07,01,08,30
Tsawwassen,Swartz Bay,Coastal Celebration,2017,07,01,08,00,2017,07,01,08,09,2017,07,01,09,34
Tsawwassen,Swartz Bay,Spirit of Vancouver Island,2017,07,01,09,00,2017,07,01,09,01,2017,07,01,10,36
Tsawwassen,Swartz Bay,Queen of New Westminster,2017,07,01,10,00,2017,07,01,10,02,2017,07,01,11,32
Tsawwassen,Swartz Bay,Spirit of British Columbia,2017,07,01,11,00,2017,07,01,11,05,2017,07,01,12,36
Tsawwassen,Swartz Bay,Queen of New Westminster,2017,07,01,14,00,2017,07,01,14,03,2017,07,01,15,30
Tsawwassen,Swartz Bay,Spirit of British Columbia,2017,07,01,15,00,2017,07,01,15,01,2017,07,01,16,30
Tsawwassen,Swartz Bay,Coastal Celebration,2017,07,01,16,00,2017,07,01,16,02,2017,07,01,17,32
Tsawwassen,Swartz Bay,Spirit of Vancouver Island,2017,07,01,17,00,2017,07,01,17,01,2017,07,01,18,30
Tsawwassen,Swartz Bay,Queen of New Westminster,2017,07,01,18,00,2017,07,01,18,00,2017,07,01,19,30
Tsawwassen,Swartz Bay,Spirit of British Columbia,2017,07,01,19,00,2017,07,01,19,25,2017,07,01,20,52
Tsawwassen,Swartz Bay,Coastal Celebration,2017,07,01,20,00,2017,07,01,20,02,2017,07,01,21,24
Tsawwassen,Swartz Bay,Spirit of Vancouver Island,2017,07,01,21,00,2017,07,01,21,01,2017,07,01,22,32
Swartz Bay,Tsawwassen,Coastal Celebration,2017,07,01,06,00,2017,07,01,06,03,2017,07,01,07,38
Swartz Bay,Tsawwassen,Spirit of Vancouver Island,2017,07,01,07,00,2017,07,01,07,01,2017,07,01,08,32
Swartz Bay,Tsawwassen,Queen of New Westminster,2017,07,01,08,00,2017,07,01,08,05,2017,07,01,09,30
Swartz Bay,Tsawwassen,Spirit of British Columbia,2017,07,01,09,00,2017,07,01,09,00,2017,07,01,10,32
Swartz Bay,Tsawwassen,Coastal Celebration,2017,07,01,10,00,2017,07,01,10,03,2017,07,01,11,32
Swartz Bay,Tsawwassen,Spirit of Vancouver Island,2017,07,01,11,00,2017,07,01,11,00,2017,07,01,12,32
Swartz Bay,Tsawwassen,Queen of New Westminster,2017,07,01,12,00,2017,07,01,12,02,2017,07,01,13,30
Swartz Bay,Tsawwassen,Spirit of British Columbia,2017,07,01,13,00,2017,07,01,13,01,2017,07,01,14,28
Swartz Bay,Tsawwassen,Coastal Celebration,2017,07,01,14,00,2017,07,01,14,02,2017,07,01,15,36
Swartz Bay,Tsawwassen,Spirit of Vancouver Island,2017,07,01,15,00,2017,07,01,15,00,2017,07,01,16,30
Swartz Bay,Tsawwassen,Queen of New Westminster,2017,07,01,16,00,2017,07,01,15,59,2017,07,01,17,32
Swartz Bay,Tsawwassen,Spirit of British Columbia,2017,07,01,17,00,2017,07,01,17,01,2017,07,01,18,30
Swartz Bay,Tsawwassen,Coastal Celebration,2017,07,01,18,00,2017,07,01,18,02,2017,07,01,19,40
Swartz Bay,Tsawwassen,Spirit of Vancouver Island,2017,07,01,19,00,2017,07,01,18,59,2017,07,01,20,26
Swartz Bay,Tsawwassen,Queen of New Westminster,2017,07,01,20,00,2017,07,01,19,59,2017,07,01,21,20
Swartz Bay,Tsawwassen,Spirit of British Columbia,2017,07,01,21,00,2017,07,01,21,11,2017,07,01,22,38
Tsawwassen,Swartz Bay,Spirit of British Columbia,2017,07,02,07,00,2017,07,02,07,02,2017,07,02,08,32
Tsawwassen,Swartz Bay,Queen of New Westminster,2017,07,02,08,00,2017,07,02,08,02,2017,07,02,09,32
Tsawwassen,Swartz Bay,Spirit of Vancouver Island,2017,07,02,09,00,2017,07,02,09,01,2017,07,02,10,30
Tsawwassen,Swartz Bay,Coastal Celebration,2017,07,02,10,00,2017,07,02,10,05,2017,07,02,11,36
Tsawwassen,Swartz Bay,Spirit of British Columbia,2017,07,02,11,00,2017,07,02,10,56,2017,07,02,12,30
Tsawwassen,Swartz Bay,Queen of New Westminster,2017,07,02,12,00,2017,07,02,12,04,2017,07,02,13,32
Tsawwassen,Swartz Bay,Spirit of Vancouver Island,2017,07,02,13,00,2017,07,02,12,58,2017,07,02,14,28
Tsawwassen,Swartz Bay,Coastal Celebration,2017,07,02,14,00,2017,07,02,14,03,2017,07,02,15,30
Tsawwassen,Swartz Bay,Spirit of British Columbia,2017,07,02,15,00,2017,07,02,15,00,2017,07,02,16,30
Tsawwassen,Swartz Bay,Queen of New Westminster,2017,07,02,16,00,2017,07,02,16,02,2017,07,02,17,28
Tsawwassen,Swartz Bay,Spirit of Vancouver Island,2017,07,02,17,00,2017,07,02,17,02,2017,07,02,18,32
Tsawwassen,Swartz Bay,Coastal Celebration,2017,07,02,18,00,2017,07,02,18,02,2017,07,02,19,38
Tsawwassen,Swartz Bay,Spirit of British Columbia,2017,07,02,19,00,2017,07,02,19,00,2017,07,02,20,32
Tsawwassen,Swartz Bay,Spirit of Vancouver Island,2017,07,02,21,00,2017,07,02,21,02,2017,07,02,22,32
Swartz Bay,Tsawwassen,Spirit of Vancouver Island,2017,07,02,07,00,2017,07,02,07,06,2017,07,02,08,30
Swartz Bay,Tsawwassen,Coastal Celebration,2017,07,02,08,00,2017,07,02,08,02,2017,07,02,09,34
Swartz Bay,Tsawwassen,Spirit of British Columbia,2017,07,02,09,00,2017,07,02,09,00,2017,07,02,10,26
Swartz Bay,Tsawwassen,Queen of New Westminster,2017,07,02,10,00,2017,07,02,10,07,2017,07,02,11,30
Swartz Bay,Tsawwassen,Spirit of Vancouver Island,2017,07,02,11,00,2017,07,02,11,03,2017,07,02,12,25
Swartz Bay,Tsawwassen,Coastal Celebration,2017,07,02,12,00,2017,07,02,12,08,2017,07,02,13,32
Swartz Bay,Tsawwassen,Spirit of British Columbia,2017,07,02,13,00,2017,07,02,13,01,2017,07,02,14,26
Swartz Bay,Tsawwassen,Queen of New Westminster,2017,07,02,14,00,2017,07,02,14,07,2017,07,02,15,30
Swartz Bay,Tsawwassen,Spirit of Vancouver Island,2017,07,02,15,00,2017,07,02,15,02,2017,07,02,16,28
Swartz Bay,Tsawwassen,Coastal Celebration,2017,07,02,16,00,2017,07,02,16,05,2017,07,02,17,34
Swartz Bay,Tsawwassen,Spirit of British Columbia,2017,07,02,17,00,2017,07,02,17,06,2017,07,02,18,34
Swartz Bay,Tsawwassen,Queen of New Westminster,2017,07,02,18,00,2017,07,02,18,02,2017,07,02,19,30
Swartz Bay,Tsawwassen,Spirit of Vancouver Island,2017,07,02,19,00,2017,07,02,19,05,2017,07,02,20,30
Swartz Bay,Tsawwassen,Spirit of British Columbia,2017,07,02,21,00,2017,07,02,21,00,2017,07,02,22,26
Tsawwassen,Swartz Bay,Spirit of British Columbia,2017,07,03,07,00,2017,07,03,07,00,2017,07,03,08,34
Tsawwassen,Swartz Bay,Queen of New Westminster,2017,07,03,08,00,2017,07,03,08,00,2017,07,03,09,32
Tsawwassen,Swartz Bay,Spirit of Vancouver Island,2017,07,03,09,00,2017,07,03,09,00,2017,07,03,10,30
Tsawwassen,Swartz Bay,Coastal Celebration,2017,07,03,10,00,2017,07,03,10,06,2017,07,03,11,34
Tsawwassen,Swartz Bay,Spirit of British Columbia,2017,07,03,11,00,2017,07,03,11,01,2017,07,03,12,32
Tsawwassen,Swartz Bay,Queen of New Westminster,2017,07,03,12,00,2017,07,03,12,05,2017,07,03,13,34
Tsawwassen,Swartz Bay,Spirit of Vancouver Island,2017,07,03,13,00,2017,07,03,13,04,2017,07,03,14,30
Tsawwassen,Swartz Bay,Coastal Celebration,2017,07,03,14,00,2017,07,03,14,08,2017,07,03,15,32
Tsawwassen,Swartz Bay,Spirit of British Columbia,2017,07,03,15,00,2017,07,03,15,02,2017,07,03,16,32
Tsawwassen,Swartz Bay,Queen of New Westminster,2017,07,03,16,00,2017,07,03,16,04,2017,07,03,17,26
Tsawwassen,Swartz Bay,Spirit of Vancouver Island,2017,07,03,17,00,2017,07,03,17,03,2017,07,03,18,36
Tsawwassen,Swartz Bay,Coastal Celebration,2017,07,03,18,00,2017,07,03,18,12,2017,07,03,19,32
Tsawwassen,Swartz Bay,Spirit of British Columbia,2017,07,03,19,00,2017,07,03,19,03,2017,07,03,20,28
Tsawwassen,Swartz Bay,Spirit of Vancouver Island,2017,07,03,21,00,2017,07,03,21,02,2017,07,03,22,30
Tsawwassen,Swartz Bay,Coastal Celebration,2017,07,03,22,00,2017,07,03,22,00,2017,07,03,23,35
Swartz Bay,Tsawwassen,Spirit of Vancouver Island,2017,07,03,07,00,2017,07,03,07,01,2017,07,03,08,26
Swartz Bay,Tsawwassen,Coastal Celebration,2017,07,03,08,00,2017,07,03,08,07,2017,07,03,09,32
Swartz Bay,Tsawwassen,Spirit of British Columbia,2017,07,03,09,00,2017,07,03,09,03,2017,07,03,10,28
Swartz Bay,Tsawwassen,Queen of New Westminster,2017,07,03,10,00,2017,07,03,10,09,2017,07,03,11,30
Swartz Bay,Tsawwassen,Spirit of Vancouver Island,2017,07,03,11,00,2017,07,03,11,05,2017,07,03,12,28
Swartz Bay,Tsawwassen,Coastal Celebration,2017,07,03,12,00,2017,07,03,12,12,2017,07,03,13,36
Swartz Bay,Tsawwassen,Spirit of British Columbia,2017,07,03,13,00,2017,07,03,13,06,2017,07,03,14,30
Swartz Bay,Tsawwassen,Queen of New Westminster,2017,07,03,14,00,2017,07,03,14,08,2017,07,03,15,32
Swartz Bay,Tsawwassen,Spirit of Vancouver Island,2017,07,03,15,00,2017,07,03,15,07,2017,07,03,16,32
Swartz Bay,Tsawwassen,Coastal Celebration,2017,07,03,16,00,2017,07,03,16,09,2017,07,03,17,40
Swartz Bay,Tsawwassen,Spirit of British Columbia,2017,07,03,17,00,2017,07,03,17,09,2017,07,03,18,36
Swartz Bay,Tsawwassen,Queen of New Westminster,2017,07,03,18,00,2017,07,03,18,01,2017,07,03,19,32
Swartz Bay,Tsawwassen,Spirit of Vancouver Island,2017,07,03,19,00,2017,07,03,19,10,2017,07,03,20,34
Swartz Bay,Tsawwassen,Coastal Celebration,2017,07,03,20,00,2017,07,03,20,02,2017,07,03,21,36
Swartz Bay,Tsawwassen,Spirit of British Columbia,2017,07,03,21,00,2017,07,03,20,59,2017,07,03,22,26
Swartz Bay,Tsawwassen,Queen of New Westminster,2017,07,03,22,00,2017,07,03,21,59,2017,07,03,23,24
Tsawwassen,Swartz Bay,Queen of New Westminster,2017,07,04,06,00,2017,07,04,06,03,2017,07,04,07,28
Tsawwassen,Swartz Bay,Spirit of British Columbia,2017,07,04,07,00,2017,07,04,06,59,2017,07,04,08,30
Tsawwassen,Swartz Bay,Coastal Celebration,2017,07,04,08,00,2017,07,04,08,02,2017,07,04,09,28
Tsawwassen,Swartz Bay,Spirit of Vancouver Island,2017,07,04,09,00,2017,07,04,09,05,2017,07,04,10,30
Tsawwassen,Swartz Bay,Queen of New Westminster,2017,07,04,10,00,2017,07,04,10,01,2017,07,04,11,30
Tsawwassen,Swartz Bay,Spirit of British Columbia,2017,07,04,11,00,2017,07,04,11,02,2017,07,04,12,40
Tsawwassen,Swartz Bay,Coastal Celebration,2017,07,04,12,00,2017,07,04,12,03,2017,07,04,13,30
Tsawwassen,Swartz Bay,Spirit of Vancouver Island,2017,07,04,13,00,2017,07,04,13,07,2017,07,04,14,34
Tsawwassen,Swartz Bay,Queen of New Westminster,2017,07,04,14,00,2017,07,04,14,04,2017,07,04,15,38
Tsawwassen,Swartz Bay,Spirit of British Columbia,2017,07,04,15,00,2017,07,04,15,01,2017,07,04,16,32
Tsawwassen,Swartz Bay,Coastal Celebration,2017,07,04,16,00,2017,07,04,16,22,2017,07,04,17,46
Tsawwassen,Swartz Bay,Spirit of Vancouver Island,2017,07,04,17,00,2017,07,04,17,00,2017,07,04,18,34
Tsawwassen,Swartz Bay,Queen of New Westminster,2017,07,04,18,00,2017,07,04,18,00,2017,07,04,19,28
Tsawwassen,Swartz Bay,Spirit of British Columbia,2017,07,04,19,00,2017,07,04,19,01,2017,07,04,20,36
Tsawwassen,Swartz Bay,Coastal Celebration,2017,07,04,20,00,2017,07,04,20,10,2017,07,04,21,36
Tsawwassen,Swartz Bay,Spirit of Vancouver Island,2017,07,04,21,00,2017,07,04,21,02,2017,07,04,22,28
Swartz Bay,Tsawwassen,Coastal Celebration,2017,07,04,06,00,2017,07,04,06,01,2017,07,04,07,34
Swartz Bay,Tsawwassen,Spirit of Vancouver Island,2017,07,04,07,00,2017,07,04,07,00,2017,07,04,08,28
Swartz Bay,Tsawwassen,Queen of New Westminster,2017,07,04,08,00,2017,07,04,08,00,2017,07,04,09,26
Swartz Bay,Tsawwassen,Spirit of British Columbia,2017,07,04,09,00,2017,07,04,09,00,2017,07,04,10,30
Swartz Bay,Tsawwassen,Coastal Celebration,2017,07,04,10,00,2017,07,04,10,02,2017,07,04,11,32
Swartz Bay,Tsawwassen,Spirit of Vancouver Island,2017,07,04,11,00,2017,07,04,11,03,2017,07,04,12,34
Swartz Bay,Tsawwassen,Queen of New Westminster,2017,07,04,12,00,2017,07,04,12,03,2017,07,04,13,26
Swartz Bay,Tsawwassen,Spirit of British Columbia,2017,07,04,13,00,2017,07,04,13,09,2017,07,04,14,32
Swartz Bay,Tsawwassen,Coastal Celebration,2017,07,04,14,00,2017,07,04,14,00,2017,07,04,15,48
Swartz Bay,Tsawwassen,Spirit of Vancouver Island,2017,07,04,15,00,2017,07,04,15,05,2017,07,04,16,32
Swartz Bay,Tsawwassen,Queen of New Westminster,2017,07,04,16,00,2017,07,04,16,08,2017,07,04,17,32
Swartz Bay,Tsawwassen,Spirit of British Columbia,2017,07,04,17,00,2017,07,04,17,00,2017,07,04,18,28
Swartz Bay,Tsawwassen,Coastal Celebration,2017,07,04,18,00,2017,07,04,18,12,2017,07,04,19,46
Swartz Bay,Tsawwassen,Spirit of Vancouver Island,2017,07,04,19,00,2017,07,04,19,00,2017,07,04,20,36
Swartz Bay,Tsawwassen,Queen of New Westminster,2017,07,04,20,00,2017,07,04,20,01,2017,07,04,21,30
Swartz Bay,Tsawwassen,Spirit of British Columbia,2017,07,04,21,00,2017,07,04,21,01,2017,07,04,22,28
Tsawwassen,Swartz Bay,Queen of New Westminster,2017,07,05,06,00,2017,07,05,06,02,2017,07,05,07,28
Tsawwassen,Swartz Bay,Spirit of British Columbia,2017,07,05,07,00,2017,07,05,06,59,2017,07,05,08,30
Tsawwassen,Swartz Bay,Coastal Celebration,2017,07,05,08,00,2017,07,05,08,06,2017,07,05,09,28
Tsawwassen,Swartz Bay,Spirit of Vancouver Island,2017,07,05,09,00,2017,07,05,09,00,2017,07,05,10,28
Tsawwassen,Swartz Bay,Queen of New Westminster,2017,07,05,10,00,2017,07,05,10,02,2017,07,05,11,32
Tsawwassen,Swartz Bay,Spirit of British Columbia,2017,07,05,11,00,2017,07,05,11,01,2017,07,05,12,34
Tsawwassen,Swartz Bay,Coastal Celebration,2017,07,05,12,00,2017,07,05,12,08,2017,07,05,13,40
Tsawwassen,Swartz Bay,Spirit of Vancouver Island,2017,07,05,13,00,2017,07,05,13,01,2017,07,05,14,32
Tsawwassen,Swartz Bay,Queen of New Westminster,2017,07,05,14,00,2017,07,05,14,00,2017,07,05,15,28
Tsawwassen,Swartz Bay,Spirit of British Columbia,2017,07,05,15,00,2017,07,05,15,00,2017,07,05,16,30
Tsawwassen,Swartz Bay,Coastal Celebration,2017,07,05,16,00,2017,07,05,16,08,2017,07,05,17,30
Tsawwassen,Swartz Bay,Spirit of Vancouver Island,2017,07,05,17,00,2017,07,05,17,02,2017,07,05,18,30
Tsawwassen,Swartz Bay,Queen of New Westminster,2017,07,05,18,00,2017,07,05,18,00,2017,07,05,19,30
Tsawwassen,Swartz Bay,Spirit of British Columbia,2017,07,05,19,00,2017,07,05,19,04,2017,07,05,20,36
Tsawwassen,Swartz Bay,Coastal Celebration,2017,07,05,20,00,2017,07,05,20,08,2017,07,05,21,28
Tsawwassen,Swartz Bay,Spirit of Vancouver Island,2017,07,05,21,00,2017,07,05,20,58,2017,07,05,22,28
Swartz Bay,Tsawwassen,Coastal Celebration,2017,07,05,06,00,2017,07,05,06,03,2017,07,05,07,36
Swartz Bay,Tsawwassen,Spirit of Vancouver Island,2017,07,05,07,00,2017,07,05,07,00,2017,07,05,08,26
Swartz Bay,Tsawwassen,Queen of New Westminster,2017,07,05,08,00,2017,07,05,08,01,2017,07,05,09,28
Swartz Bay,Tsawwassen,Spirit of British Columbia,2017,07,05,09,00,2017,07,05,09,00,2017,07,05,10,30
Swartz Bay,Tsawwassen,Coastal Celebration,2017,07,05,10,00,2017,07,05,10,01,2017,07,05,11,34
Swartz Bay,Tsawwassen,Spirit of Vancouver Island,2017,07,05,11,00,2017,07,05,11,00,2017,07,05,12,28
Swartz Bay,Tsawwassen,Queen of New Westminster,2017,07,05,12,00,2017,07,05,12,09,2017,07,05,13,28
Swartz Bay,Tsawwassen,Spirit of British Columbia,2017,07,05,13,00,2017,07,05,13,03,2017,07,05,14,30
Swartz Bay,Tsawwassen,Coastal Celebration,2017,07,05,14,00,2017,07,05,14,09,2017,07,05,15,40
Swartz Bay,Tsawwassen,Spirit of Vancouver Island,2017,07,05,15,00,2017,07,05,15,02,2017,07,05,16,32
Swartz Bay,Tsawwassen,Queen of New Westminster,2017,07,05,16,00,2017,07,05,16,01,2017,07,05,17,30
Swartz Bay,Tsawwassen,Spirit of British Columbia,2017,07,05,17,00,2017,07,05,16,59,2017,07,05,18,36
Swartz Bay,Tsawwassen,Coastal Celebration,2017,07,05,18,00,2017,07,05,18,01,2017,07,05,19,38
Swartz Bay,Tsawwassen,Spirit of Vancouver Island,2017,07,05,19,00,2017,07,05,18,59,2017,07,05,20,32
Swartz Bay,Tsawwassen,Queen of New Westminster,2017,07,05,20,00,2017,07,05,20,00,2017,07,05,21,28
Swartz Bay,Tsawwassen,Spirit of British Columbia,2017,07,05,21,00,2017,07,05,20,58,2017,07,05,22,26
Tsawwassen,Swartz Bay,Queen of New Westminster,2017,07,06,06,00,2017,07,06,06,04,2017,07,06,07,28
Tsawwassen,Swartz Bay,Spirit of British Columbia,2017,07,06,07,00,2017,07,06,07,00,2017,07,06,08,34
Tsawwassen,Swartz Bay,Coastal Celebration,2017,07,06,08,00,2017,07,06,08,02,2017,07,06,09,30
Tsawwassen,Swartz Bay,Spirit of Vancouver Island,2017,07,06,09,00,2017,07,06,09,02,2017,07,06,10,30
Tsawwassen,Swartz Bay,Queen of New Westminster,2017,07,06,10,00,2017,07,06,10,02,2017,07,06,11,30
Tsawwassen,Swartz Bay,Spirit of British Columbia,2017,07,06,11,00,2017,07,06,11,11,2017,07,06,12,42
Tsawwassen,Swartz Bay,Coastal Celebration,2017,07,06,12,00,2017,07,06,12,08,2017,07,06,13,34
Tsawwassen,Swartz Bay,Spirit of Vancouver Island,2017,07,06,13,00,2017,07,06,13,05,2017,07,06,14,36
Tsawwassen,Swartz Bay,Queen of New Westminster,2017,07,06,14,00,2017,07,06,14,01,2017,07,06,15,33
Tsawwassen,Swartz Bay,Spirit of British Columbia,2017,07,06,15,00,2017,07,06,15,11,2017,07,06,16,42
Tsawwassen,Swartz Bay,Coastal Celebration,2017,07,06,16,00,2017,07,06,16,09,2017,07,06,17,34
Tsawwassen,Swartz Bay,Spirit of Vancouver Island,2017,07,06,17,00,2017,07,06,16,59,2017,07,06,18,28
Tsawwassen,Swartz Bay,Spirit of British Columbia,2017,07,06,19,00,2017,07,06,19,05,2017,07,06,20,32
Tsawwassen,Swartz Bay,Coastal Celebration,2017,07,06,20,00,2017,07,06,20,03,2017,07,06,21,26
Tsawwassen,Swartz Bay,Spirit of Vancouver Island,2017,07,06,21,00,2017,07,06,21,01,2017,07,06,22,30
Swartz Bay,Tsawwassen,Coastal Celebration,2017,07,06,06,00,2017,07,06,06,04,2017,07,06,07,34
Swartz Bay,Tsawwassen,Spirit of Vancouver Island,2017,07,06,07,00,2017,07,06,07,03,2017,07,06,08,34
Swartz Bay,Tsawwassen,Queen of New Westminster,2017,07,06,08,00,2017,07,06,08,05,2017,07,06,09,32
Swartz Bay,Tsawwassen,Spirit of British Columbia,2017,07,06,09,00,2017,07,06,09,11,2017,07,06,10,36
Swartz Bay,Tsawwassen,Coastal Celebration,2017,07,06,10,00,2017,07,06,10,00,2017,07,06,11,30
Swartz Bay,Tsawwassen,Spirit of Vancouver Island,2017,07,06,11,00,2017,07,06,11,01,2017,07,06,12,34
Swartz Bay,Tsawwassen,Queen of New Westminster,2017,07,06,12,00,2017,07,06,12,01,2017,07,06,13,28
Swartz Bay,Tsawwassen,Spirit of British Columbia,2017,07,06,13,00,2017,07,06,13,12,2017,07,06,14,40
Swartz Bay,Tsawwassen,Coastal Celebration,2017,07,06,14,00,2017,07,06,14,05,2017,07,06,15,42
Swartz Bay,Tsawwassen,Spirit of Vancouver Island,2017,07,06,15,00,2017,07,06,15,05,2017,07,06,16,28
Swartz Bay,Tsawwassen,Queen of New Westminster,2017,07,06,16,00,2017,07,06,16,02,2017,07,06,17,34
Swartz Bay,Tsawwassen,Spirit of British Columbia,2017,07,06,17,00,2017,07,06,17,11,2017,07,06,18,38
Swartz Bay,Tsawwassen,Coastal Celebration,2017,07,06,18,00,2017,07,06,18,06,2017,07,06,19,36
Swartz Bay,Tsawwassen,Spirit of Vancouver Island,2017,07,06,19,00,2017,07,06,19,03,2017,07,06,20,32
Swartz Bay,Tsawwassen,Queen of New Westminster,2017,07,06,20,00,2017,07,06,20,02,2017,07,06,21,28
Swartz Bay,Tsawwassen,Spirit of British Columbia,2017,07,06,21,00,2017,07,06,20,59,2017,07,06,22,27
Tsawwassen,Swartz Bay,Spirit of British Columbia,2017,07,07,07,00,2017,07,07,07,01,2017,07,07,08,32
Tsawwassen,Swartz Bay,Queen of New Westminster,2017,07,07,08,00,2017,07,07,08,03,2017,07,07,09,32
Tsawwassen,Swartz Bay,Spirit of Vancouver Island,2017,07,07,09,00,2017,07,07,09,01,2017,07,07,10,30
Tsawwassen,Swartz Bay,Coastal Celebration,2017,07,07,10,00,2017,07,07,10,09,2017,07,07,11,40
Tsawwassen,Swartz Bay,Spirit of British Columbia,2017,07,07,11,00,2017,07,07,11,04,2017,07,07,12,38
Tsawwassen,Swartz Bay,Queen of New Westminster,2017,07,07,12,00,2017,07,07,12,04,2017,07,07,13,38
Tsawwassen,Swartz Bay,Spirit of Vancouver Island,2017,07,07,13,00,2017,07,07,13,09,2017,07,07,14,48
Tsawwassen,Swartz Bay,Coastal Celebration,2017,07,07,14,00,2017,07,07,14,10,2017,07,07,15,38
Tsawwassen,Swartz Bay,Spirit of British Columbia,2017,07,07,15,00,2017,07,07,15,13,2017,07,07,16,42
Tsawwassen,Swartz Bay,Queen of New Westminster,2017,07,07,16,00,2017,07,07,16,05,2017,07,07,17,38
Tsawwassen,Swartz Bay,Spirit of Vancouver Island,2017,07,07,17,00,2017,07,07,17,27,2017,07,07,18,54
Tsawwassen,Swartz Bay,Coastal Celebration,2017,07,07,18,00,2017,07,07,18,16,2017,07,07,19,38
Tsawwassen,Swartz Bay,Spirit of British Columbia,2017,07,07,19,00,2017,07,07,19,11,2017,07,07,20,36
Tsawwassen,Swartz Bay,Queen of New Westminster,2017,07,07,20,00,2017,07,07,20,17,2017,07,07,21,42
Tsawwassen,Swartz Bay,Spirit of Vancouver Island,2017,07,07,21,00,2017,07,07,21,27,2017,07,07,22,50
Tsawwassen,Swartz Bay,Coastal Celebration,2017,07,07,22,00,2017,07,07,22,03,2017,07,07,23,38
Swartz Bay,Tsawwassen,Spirit of Vancouver Island,2017,07,07,07,00,2017,07,07,07,03,2017,07,07,08,32
Swartz Bay,Tsawwassen,Coastal Celebration,2017,07,07,08,00,2017,07,07,08,04,2017,07,07,09,30
Swartz Bay,Tsawwassen,Spirit of British Columbia,2017,07,07,09,00,2017,07,07,09,02,2017,07,07,10,30
Swartz Bay,Tsawwassen,Queen of New Westminster,2017,07,07,10,00,2017,07,07,10,08,2017,07,07,11,34
Swartz Bay,Tsawwassen,Spirit of Vancouver Island,2017,07,07,11,00,2017,07,07,11,06,2017,07,07,12,34
Swartz Bay,Tsawwassen,Coastal Celebration,2017,07,07,12,00,2017,07,07,12,12,2017,07,07,13,36
Swartz Bay,Tsawwassen,Spirit of British Columbia,2017,07,07,13,00,2017,07,07,13,12,2017,07,07,14,40
Swartz Bay,Tsawwassen,Queen of New Westminster,2017,07,07,14,00,2017,07,07,14,11,2017,07,07,15,32
Swartz Bay,Tsawwassen,Spirit of Vancouver Island,2017,07,07,15,00,2017,07,07,15,21,2017,07,07,16,48
Swartz Bay,Tsawwassen,Coastal Celebration,2017,07,07,16,00,2017,07,07,16,13,2017,07,07,17,42
Swartz Bay,Tsawwassen,Spirit of British Columbia,2017,07,07,17,00,2017,07,07,17,14,2017,07,07,18,40
Swartz Bay,Tsawwassen,Queen of New Westminster,2017,07,07,18,00,2017,07,07,18,11,2017,07,07,19,42
Swartz Bay,Tsawwassen,Spirit of Vancouver Island,2017,07,07,19,00,2017,07,07,19,27,2017,07,07,20,56
Swartz Bay,Tsawwassen,Coastal Celebration,2017,07,07,20,00,2017,07,07,20,05,2017,07,07,21,40
Swartz Bay,Tsawwassen,Spirit of British Columbia,2017,07,07,21,00,2017,07,07,21,01,2017,07,07,22,28
Swartz Bay,Tsawwassen,Queen of New Westminster,2017,07,07,22,00,2017,07,07,22,04,2017,07,07,23,39
Tsawwassen,Swartz Bay,Queen of New Westminster,2017,07,08,06,00,2017,07,08,06,00,2017,07,08,07,26
Tsawwassen,Swartz Bay,Coastal Celebration,2017,07,08,08,00,2017,07,08,08,09,2017,07,08,09,32
Tsawwassen,Swartz Bay,Spirit of Vancouver Island,2017,07,08,09,00,2017,07,08,09,01,2017,07,08,10,28
Tsawwassen,Swartz Bay,Queen of New Westminster,2017,07,08,10,00,2017,07,08,10,02,2017,07,08,11,32
Tsawwassen,Swartz Bay,Spirit of British Columbia,2017,07,08,11,00,2017,07,08,11,04,2017,07,08,12,30
Tsawwassen,Swartz Bay,Coastal Celebration,2017,07,08,12,00,2017,07,08,12,21,2017,07,08,13,42
Tsawwassen,Swartz Bay,Spirit of Vancouver Island,2017,07,08,13,00,2017,07,08,13,07,2017,07,08,14,38
Tsawwassen,Swartz Bay,Queen of New Westminster,2017,07,08,14,00,2017,07,08,14,06,2017,07,08,15,38
Tsawwassen,Swartz Bay,Spirit of British Columbia,2017,07,08,15,00,2017,07,08,15,02,2017,07,08,16,30
Tsawwassen,Swartz Bay,Coastal Celebration,2017,07,08,16,00,2017,07,08,16,06,2017,07,08,17,34
Tsawwassen,Swartz Bay,Spirit of Vancouver Island,2017,07,08,17,00,2017,07,08,16,59,2017,07,08,18,30
Tsawwassen,Swartz Bay,Queen of New Westminster,2017,07,08,18,00,2017,07,08,17,59,2017,07,08,19,26
Tsawwassen,Swartz Bay,Spirit of British Columbia,2017,07,08,19,00,2017,07,08,19,00,2017,07,08,20,28
Tsawwassen,Swartz Bay,Coastal Celebration,2017,07,08,20,00,2017,07,08,20,00,2017,07,08,21,26
Tsawwassen,Swartz Bay,Spirit of Vancouver Island,2017,07,08,21,00,2017,07,08,21,14,2017,07,08,22,38
Swartz Bay,Tsawwassen,Coastal Celebration,2017,07,08,06,00,2017,07,08,06,02,2017,07,08,07,36
Swartz Bay,Tsawwassen,Spirit of Vancouver Island,2017,07,08,07,00,2017,07,08,07,00,2017,07,08,08,32
Swartz Bay,Tsawwassen,Spirit of British Columbia,2017,07,08,09,00,2017,07,08,09,01,2017,07,08,10,30
Swartz Bay,Tsawwassen,Coastal Celebration,2017,07,08,10,00,2017,07,08,10,13,2017,07,08,11,40
Swartz Bay,Tsawwassen,Spirit of Vancouver Island,2017,07,08,11,00,2017,07,08,11,00,2017,07,08,12,32
Swartz Bay,Tsawwassen,Queen of New Westminster,2017,07,08,12,00,2017,07,08,12,03,2017,07,08,13,28
Swartz Bay,Tsawwassen,Spirit of British Columbia,2017,07,08,13,00,2017,07,08,13,00,2017,07,08,14,34
Swartz Bay,Tsawwassen,Coastal Celebration,2017,07,08,14,00,2017,07,08,14,11,2017,07,08,15,38
Swartz Bay,Tsawwassen,Spirit of Vancouver Island,2017,07,08,15,00,2017,07,08,15,03,2017,07,08,16,30
Swartz Bay,Tsawwassen,Queen of New Westminster,2017,07,08,16,00,2017,07,08,16,08,2017,07,08,17,30
Swartz Bay,Tsawwassen,Spirit of British Columbia,2017,07,08,17,00,2017,07,08,17,00,2017,07,08,18,30
Swartz Bay,Tsawwassen,Coastal Celebration,2017,07,08,18,00,2017,07,08,18,03,2017,07,08,19,32
Swartz Bay,Tsawwassen,Spirit of Vancouver Island,2017,07,08,19,00,2017,07,08,19,30,2017,07,08,20,54
Swartz Bay,Tsawwassen,Queen of New Westminster,2017,07,08,20,00,2017,07,08,20,00,2017,07,08,21,28
Swartz Bay,Tsawwassen,Spirit of British Columbia,2017,07,08,21,00,2017,07,08,21,00,2017,07,08,22,26
Tsawwassen,Swartz Bay,Spirit of British Columbia,2017,07,09,07,00,2017,07,09,07,00,2017,07,09,08,32
Tsawwassen,Swartz Bay,Queen of New Westminster,2017,07,09,08,00,2017,07,09,08,01,2017,07,09,09,28
Tsawwassen,Swartz Bay,Spirit of Vancouver Island,2017,07,09,09,00,2017,07,09,09,09,2017,07,09,10,32
Tsawwassen,Swartz Bay,Coastal Celebration,2017,07,09,10,00,2017,07,09,10,03,2017,07,09,11,34
Tsawwassen,Swartz Bay,Spirit of British Columbia,2017,07,09,11,00,2017,07,09,11,01,2017,07,09,12,30
Tsawwassen,Swartz Bay,Queen of New Westminster,2017,07,09,12,00,2017,07,09,12,01,2017,07,09,13,34
Tsawwassen,Swartz Bay,Spirit of Vancouver Island,2017,07,09,13,00,2017,07,09,13,05,2017,07,09,14,38
Tsawwassen,Swartz Bay,Coastal Celebration,2017,07,09,14,00,2017,07,09,14,11,2017,07,09,15,38
Tsawwassen,Swartz Bay,Spirit of British Columbia,2017,07,09,15,00,2017,07,09,15,07,2017,07,09,16,38
Tsawwassen,Swartz Bay,Queen of New Westminster,2017,07,09,16,00,2017,07,09,16,05,2017,07,09,17,32
Tsawwassen,Swartz Bay,Spirit of Vancouver Island,2017,07,09,17,00,2017,07,09,17,17,2017,07,09,18,42
Tsawwassen,Swartz Bay,Coastal Celebration,2017,07,09,18,00,2017,07,09,18,15,2017,07,09,19,36
Tsawwassen,Swartz Bay,Spirit of British Columbia,2017,07,09,19,00,2017,07,09,19,20,2017,07,09,20,44
Tsawwassen,Swartz Bay,Queen of New Westminster,2017,07,09,20,00,2017,07,09,20,12,2017,07,09,21,36
Tsawwassen,Swartz Bay,Spirit of Vancouver Island,2017,07,09,21,00,2017,07,09,21,20,2017,07,09,22,46
Tsawwassen,Swartz Bay,Coastal Celebration,2017,07,09,22,00,2017,07,09,22,10,2017,07,09,23,45
Swartz Bay,Tsawwassen,Spirit of Vancouver Island,2017,07,09,07,00,2017,07,09,07,00,2017,07,09,08,40
Swartz Bay,Tsawwassen,Coastal Celebration,2017,07,09,08,00,2017,07,09,08,02,2017,07,09,09,32
Swartz Bay,Tsawwassen,Spirit of British Columbia,2017,07,09,09,00,2017,07,09,09,00,2017,07,09,10,30
Swartz Bay,Tsawwassen,Queen of New Westminster,2017,07,09,10,00,2017,07,09,10,02,2017,07,09,11,30
Swartz Bay,Tsawwassen,Spirit of Vancouver Island,2017,07,09,11,00,2017,07,09,11,01,2017,07,09,12,32
Swartz Bay,Tsawwassen,Coastal Celebration,2017,07,09,12,00,2017,07,09,12,06,2017,07,09,13,36
Swartz Bay,Tsawwassen,Spirit of British Columbia,2017,07,09,13,00,2017,07,09,13,02,2017,07,09,14,32
Swartz Bay,Tsawwassen,Queen of New Westminster,2017,07,09,14,00,2017,07,09,14,07,2017,07,09,15,30
Swartz Bay,Tsawwassen,Spirit of Vancouver Island,2017,07,09,15,00,2017,07,09,15,09,2017,07,09,16,32
Swartz Bay,Tsawwassen,Coastal Celebration,2017,07,09,16,00,2017,07,09,16,11,2017,07,09,17,40
Swartz Bay,Tsawwassen,Spirit of British Columbia,2017,07,09,17,00,2017,07,09,17,15,2017,07,09,18,40
Swartz Bay,Tsawwassen,Queen of New Westminster,2017,07,09,18,00,2017,07,09,18,06,2017,07,09,19,34
Swartz Bay,Tsawwassen,Spirit of Vancouver Island,2017,07,09,19,00,2017,07,09,19,18,2017,07,09,20,42
Swartz Bay,Tsawwassen,Coastal Celebration,2017,07,09,20,00,2017,07,09,20,08,2017,07,09,21,40
Swartz Bay,Tsawwassen,Spirit of British Columbia,2017,07,09,21,00,2017,07,09,21,20,2017,07,09,22,46
Swartz Bay,Tsawwassen,Queen of New Westminster,2017,07,09,22,00,2017,07,09,22,00,2017,07,09,23,35
Tsawwassen,Swartz Bay,Queen of New Westminster,2017,07,10,06,00,2017,07,10,06,05,2017,07,10,07,28
Tsawwassen,Swartz Bay,Spirit of British Columbia,2017,07,10,07,00,2017,07,10,06,59,2017,07,10,08,32
Tsawwassen,Swartz Bay,Coastal Celebration,2017,07,10,08,00,2017,07,10,08,02,2017,07,10,09,34
Tsawwassen,Swartz Bay,Spirit of Vancouver Island,2017,07,10,09,00,2017,07,10,09,01,2017,07,10,10,32
Tsawwassen,Swartz Bay,Queen of New Westminster,2017,07,10,10,00,2017,07,10,10,03,2017,07,10,11,30
Tsawwassen,Swartz Bay,Spirit of British Columbia,2017,07,10,11,00,2017,07,10,11,09,2017,07,10,12,34
Tsawwassen,Swartz Bay,Coastal Celebration,2017,07,10,12,00,2017,07,10,12,13,2017,07,10,13,34
Tsawwassen,Swartz Bay,Spirit of Vancouver Island,2017,07,10,13,00,2017,07,10,13,08,2017,07,10,14,34
Tsawwassen,Swartz Bay,Queen of New Westminster,2017,07,10,14,00,2017,07,10,14,08,2017,07,10,15,36
Tsawwassen,Swartz Bay,Spirit of British Columbia,2017,07,10,15,00,2017,07,10,15,05,2017,07,10,16,34
Tsawwassen,Swartz Bay,Coastal Celebration,2017,07,10,16,00,2017,07,10,16,10,2017,07,10,17,32
Tsawwassen,Swartz Bay,Spirit of Vancouver Island,2017,07,10,17,00,2017,07,10,17,06,2017,07,10,18,36
Tsawwassen,Swartz Bay,Queen of New Westminster,2017,07,10,18,00,2017,07,10,18,02,2017,07,10,19,26
Tsawwassen,Swartz Bay,Spirit of British Columbia,2017,07,10,19,00,2017,07,10,19,04,2017,07,10,20,32
Tsawwassen,Swartz Bay,Coastal Celebration,2017,07,10,20,00,2017,07,10,20,14,2017,07,10,21,34
Tsawwassen,Swartz Bay,Spirit of Vancouver Island,2017,07,10,21,00,2017,07,10,21,00,2017,07,10,22,26
Swartz Bay,Tsawwassen,Coastal Celebration,2017,07,10,06,00,2017,07,10,06,01,2017,07,10,07,36
Swartz Bay,Tsawwassen,Spirit of Vancouver Island,2017,07,10,07,00,2017,07,10,07,00,2017,07,10,08,30
Swartz Bay,Tsawwassen,Queen of New Westminster,2017,07,10,08,00,2017,07,10,08,03,2017,07,10,09,30
Swartz Bay,Tsawwassen,Spirit of British Columbia,2017,07,10,09,00,2017,07,10,09,01,2017,07,10,10,32
Swartz Bay,Tsawwassen,Coastal Celebration,2017,07,10,10,00,2017,07,10,10,09,2017,07,10,11,42
Swartz Bay,Tsawwassen,Spirit of Vancouver Island,2017,07,10,11,00,2017,07,10,11,03,2017,07,10,12,34
Swartz Bay,Tsawwassen,Queen of New Westminster,2017,07,10,12,00,2017,07,10,12,04,2017,07,10,13,32
Swartz Bay,Tsawwassen,Spirit of British Columbia,2017,07,10,13,00,2017,07,10,13,02,2017,07,10,14,32
Swartz Bay,Tsawwassen,Coastal Celebration,2017,07,10,14,00,2017,07,10,14,02,2017,07,10,15,34
Swartz Bay,Tsawwassen,Spirit of Vancouver Island,2017,07,10,15,00,2017,07,10,15,03,2017,07,10,16,32
Swartz Bay,Tsawwassen,Queen of New Westminster,2017,07,10,16,00,2017,07,10,16,05,2017,07,10,17,30
Swartz Bay,Tsawwassen,Spirit of British Columbia,2017,07,10,17,00,2017,07,10,17,01,2017,07,10,18,32
Swartz Bay,Tsawwassen,Coastal Celebration,2017,07,10,18,00,2017,07,10,18,02,2017,07,10,19,32
Swartz Bay,Tsawwassen,Spirit of Vancouver Island,2017,07,10,19,00,2017,07,10,19,02,2017,07,10,20,32
Swartz Bay,Tsawwassen,Queen of New Westminster,2017,07,10,20,00,2017,07,10,20,01,2017,07,10,21,24
Swartz Bay,Tsawwassen,Spirit of British Columbia,2017,07,10,21,00,2017,07,10,20,59,2017,07,10,22,26
Tsawwassen,Swartz Bay,Queen of New Westminster,2017,07,11,06,00,2017,07,11,06,00,2017,07,11,07,26
Tsawwassen,Swartz Bay,Spirit of British Columbia,2017,07,11,07,00,2017,07,11,06,59,2017,07,11,08,30
Tsawwassen,Swartz Bay,Coastal Celebration,2017,07,11,08,00,2017,07,11,08,05,2017,07,11,09,32
Tsawwassen,Swartz Bay,Spirit of Vancouver Island,2017,07,11,09,00,2017,07,11,09,03,2017,07,11,10,30
Tsawwassen,Swartz Bay,Spirit of British Columbia,2017,07,11,11,00,2017,07,11,11,04,2017,07,11,12,30
Tsawwassen,Swartz Bay,Coastal Celebration,2017,07,11,12,00,2017,07,11,12,07,2017,07,11,13,34
Tsawwassen,Swartz Bay,Queen of New Westminster,2017,07,11,14,00,2017,07,11,14,05,2017,07,11,15,34
Tsawwassen,Swartz Bay,Spirit of British Columbia,2017,07,11,15,00,2017,07,11,15,01,2017,07,11,16,34
Tsawwassen,Swartz Bay,Coastal Celebration,2017,07,11,16,00,2017,07,11,16,03,2017,07,11,17,36
Tsawwassen,Swartz Bay,Spirit of Vancouver Island,2017,07,11,17,00,2017,07,11,16,59,2017,07,11,18,32
Tsawwassen,Swartz Bay,Queen of New Westminster,2017,07,11,18,00,2017,07,11,18,02,2017,07,11,19,28
Tsawwassen,Swartz Bay,Spirit of British Columbia,2017,07,11,19,00,2017,07,11,19,01,2017,07,11,20,30
Tsawwassen,Swartz Bay,Coastal Celebration,2017,07,11,20,00,2017,07,11,20,00,2017,07,11,21,26
Tsawwassen,Swartz Bay,Spirit of Vancouver Island,2017,07,11,21,00,2017,07,11,21,01,2017,07,11,22,36
Swartz Bay,Tsawwassen,Coastal Celebration,2017,07,11,06,00,2017,07,11,06,02,2017,07,11,07,36
Swartz Bay,Tsawwassen,Spirit of Vancouver Island,2017,07,11,07,00,2017,07,11,07,00,2017,07,11,08,32
Swartz Bay,Tsawwassen,Queen of New Westminster,2017,07,11,08,00,2017,07,11,08,04,2017,07,11,09,30
Swartz Bay,Tsawwassen,Spirit of British Columbia,2017,07,11,09,00,2017,07,11,08,59,2017,07,11,10,32
Swartz Bay,Tsawwassen,Coastal Celebration,2017,07,11,10,00,2017,07,11,10,04,2017,07,11,11,36
Swartz Bay,Tsawwassen,Spirit of Vancouver Island,2017,07,11,11,00,2017,07,11,11,02,2017,07,11,12,32
Swartz Bay,Tsawwassen,Queen of New Westminster,2017,07,11,12,00,2017,07,11,12,02,2017,07,11,13,32
Swartz Bay,Tsawwassen,Spirit of British Columbia,2017,07,11,13,00,2017,07,11,13,00,2017,07,11,14,30
Swartz Bay,Tsawwassen,Coastal Celebration,2017,07,11,14,00,2017,07,11,14,01,2017,07,11,15,34
Swartz Bay,Tsawwassen,Spirit of Vancouver Island,2017,07,11,15,00,2017,07,11,14,59,2017,07,11,16,32
Swartz Bay,Tsawwassen,Queen of New Westminster,2017,07,11,16,00,2017,07,11,16,04,2017,07,11,17,24
Swartz Bay,Tsawwassen,Spirit of British Columbia,2017,07,11,17,00,2017,07,11,17,04,2017,07,11,18,30
Swartz Bay,Tsawwassen,Coastal Celebration,2017,07,11,18,00,2017,07,11,18,00,2017,07,11,19,34
Swartz Bay,Tsawwassen,Spirit of Vancouver Island,2017,07,11,19,00,2017,07,11,18,59,2017,07,11,20,32
Swartz Bay,Tsawwassen,Queen of New Westminster,2017,07,11,20,00,2017,07,11,20,00,2017,07,11,21,24
Swartz Bay,Tsawwassen,Spirit of British Columbia,2017,07,11,21,00,2017,07,11,20,59,2017,07,11,22,30
Tsawwassen,Swartz Bay,Queen of New Westminster,2017,07,12,06,00,2017,07,12,06,04,2017,07,12,07,30
Tsawwassen,Swartz Bay,Spirit of British Columbia,2017,07,12,07,00,2017,07,12,07,00,2017,07,12,08,32
Tsawwassen,Swartz Bay,Coastal Celebration,2017,07,12,08,00,2017,07,12,08,07,2017,07,12,09,34
Tsawwassen,Swartz Bay,Queen of New Westminster,2017,07,12,10,00,2017,07,12,10,03,2017,07,12,11,28
Tsawwassen,Swartz Bay,Coastal Celebration,2017,07,12,12,00,2017,07,12,12,09,2017,07,12,13,30
Tsawwassen,Swartz Bay,Spirit of Vancouver Island,2017,07,12,13,00,2017,07,12,13,01,2017,07,12,14,30
Tsawwassen,Swartz Bay,Queen of New Westminster,2017,07,12,14,00,2017,07,12,14,06,2017,07,12,15,34
Tsawwassen,Swartz Bay,Spirit of British Columbia,2017,07,12,15,00,2017,07,12,14,59,2017,07,12,16,34
Tsawwassen,Swartz Bay,Coastal Celebration,2017,07,12,16,00,2017,07,12,16,02,2017,07,12,17,34
Tsawwassen,Swartz Bay,Spirit of Vancouver Island,2017,07,12,17,00,2017,07,12,17,01,2017,07,12,18,34
Tsawwassen,Swartz Bay,Queen of New Westminster,2017,07,12,18,00,2017,07,12,17,59,2017,07,12,19,26
Tsawwassen,Swartz Bay,Spirit of British Columbia,2017,07,12,19,00,2017,07,12,18,59,2017,07,12,20,32
Tsawwassen,Swartz Bay,Coastal Celebration,2017,07,12,20,00,2017,07,12,20,01,2017,07,12,21,24
Tsawwassen,Swartz Bay,Spirit of Vancouver Island,2017,07,12,21,00,2017,07,12,20,59,2017,07,12,22,26
Swartz Bay,Tsawwassen,Coastal Celebration,2017,07,12,06,00,2017,07,12,06,03,2017,07,12,07,36
Swartz Bay,Tsawwassen,Spirit of Vancouver Island,2017,07,12,07,00,2017,07,12,06,59,2017,07,12,08,30
Swartz Bay,Tsawwassen,Queen of New Westminster,2017,07,12,08,00,2017,07,12,08,00,2017,07,12,09,31
Swartz Bay,Tsawwassen,Spirit of British Columbia,2017,07,12,09,00,2017,07,12,08,59,2017,07,12,10,30
Swartz Bay,Tsawwassen,Coastal Celebration,2017,07,12,10,00,2017,07,12,10,03,2017,07,12,11,36
Swartz Bay,Tsawwassen,Spirit of Vancouver Island,2017,07,12,11,00,2017,07,12,11,01,2017,07,12,12,32
Swartz Bay,Tsawwassen,Queen of New Westminster,2017,07,12,12,00,2017,07,12,12,00,2017,07,12,13,30
Swartz Bay,Tsawwassen,Spirit of British Columbia,2017,07,12,13,00,2017,07,12,13,01,2017,07,12,14,30
Swartz Bay,Tsawwassen,Coastal Celebration,2017,07,12,14,00,2017,07,12,14,02,2017,07,12,15,34
Swartz Bay,Tsawwassen,Spirit of Vancouver Island,2017,07,12,15,00,2017,07,12,15,01,2017,07,12,16,30
Swartz Bay,Tsawwassen,Queen of New Westminster,2017,07,12,16,00,2017,07,12,16,02,2017,07,12,17,24
Swartz Bay,Tsawwassen,Spirit of British Columbia,2017,07,12,17,00,2017,07,12,17,04,2017,07,12,18,28
Swartz Bay,Tsawwassen,Coastal Celebration,2017,07,12,18,00,2017,07,12,18,02,2017,07,12,19,32
Swartz Bay,Tsawwassen,Spirit of Vancouver Island,2017,07,12,19,00,2017,07,12,19,00,2017,07,12,20,30
Swartz Bay,Tsawwassen,Queen of New Westminster,2017,07,12,20,00,2017,07,12,20,00,2017,07,12,21,22
Swartz Bay,Tsawwassen,Spirit of British Columbia,2017,07,12,21,00,2017,07,12,21,00,2017,07,12,22,26
Tsawwassen,Swartz Bay,Queen of New Westminster,2017,07,13,06,00,2017,07,13,06,16,2017,07,13,07,40
Tsawwassen,Swartz Bay,Spirit of British Columbia,2017,07,13,07,00,2017,07,13,07,01,2017,07,13,08,32
Tsawwassen,Swartz Bay,Spirit of Vancouver Island,2017,07,13,09,00,2017,07,13,09,00,2017,07,13,10,32
Tsawwassen,Swartz Bay,Queen of New Westminster,2017,07,13,10,00,2017,07,13,10,02,2017,07,13,11,26
Tsawwassen,Swartz Bay,Spirit of British Columbia,2017,07,13,11,00,2017,07,13,11,06,2017,07,13,12,30
Tsawwassen,Swartz Bay,Coastal Celebration,2017,07,13,12,00,2017,07,13,12,17,2017,07,13,13,36
Tsawwassen,Swartz Bay,Spirit of Vancouver Island,2017,07,13,13,00,2017,07,13,13,03,2017,07,13,14,32
Tsawwassen,Swartz Bay,Queen of New Westminster,2017,07,13,14,00,2017,07,13,14,10,2017,07,13,15,36
Tsawwassen,Swartz Bay,Spirit of British Columbia,2017,07,13,15,00,2017,07,13,15,06,2017,07,13,16,36
Tsawwassen,Swartz Bay,Coastal Celebration,2017,07,13,16,00,2017,07,13,16,05,2017,07,13,17,34
Tsawwassen,Swartz Bay,Spirit of Vancouver Island,2017,07,13,17,00,2017,07,13,17,02,2017,07,13,18,38
Tsawwassen,Swartz Bay,Queen of New Westminster,2017,07,13,18,00,2017,07,13,18,02,2017,07,13,19,30
Tsawwassen,Swartz Bay,Spirit of British Columbia,2017,07,13,19,00,2017,07,13,18,59,2017,07,13,20,36
Tsawwassen,Swartz Bay,Coastal Celebration,2017,07,13,20,00,2017,07,13,20,08,2017,07,13,21,30
Tsawwassen,Swartz Bay,Spirit of Vancouver Island,2017,07,13,21,00,2017,07,13,21,00,2017,07,13,22,28
Swartz Bay,Tsawwassen,Coastal Celebration,2017,07,13,06,00,2017,07,13,06,01,2017,07,13,07,34
Swartz Bay,Tsawwassen,Spirit of Vancouver Island,2017,07,13,07,00,2017,07,13,06,59,2017,07,13,08,32
Swartz Bay,Tsawwassen,Queen of New Westminster,2017,07,13,08,00,2017,07,13,08,06,2017,07,13,09,28
Swartz Bay,Tsawwassen,Spirit of British Columbia,2017,07,13,09,00,2017,07,13,09,00,2017,07,13,10,32
Swartz Bay,Tsawwassen,Coastal Celebration,2017,07,13,10,00,2017,07,13,10,02,2017,07,13,11,46
Swartz Bay,Tsawwassen,Spirit of Vancouver Island,2017,07,13,11,00,2017,07,13,11,01,2017,07,13,12,32
Swartz Bay,Tsawwassen,Queen of New Westminster,2017,07,13,12,00,2017,07,13,11,58,2017,07,13,13,34
Swartz Bay,Tsawwassen,Spirit of British Columbia,2017,07,13,13,00,2017,07,13,13,04,2017,07,13,14,32
Swartz Bay,Tsawwassen,Coastal Celebration,2017,07,13,14,00,2017,07,13,14,12,2017,07,13,15,36
Swartz Bay,Tsawwassen,Spirit of Vancouver Island,2017,07,13,15,00,2017,07,13,15,00,2017,07,13,16,32
Swartz Bay,Tsawwassen,Queen of New Westminster,2017,07,13,16,00,2017,07,13,16,06,2017,07,13,17,26
Swartz Bay,Tsawwassen,Spirit of British Columbia,2017,07,13,17,00,2017,07,13,17,09,2017,07,13,18,32
Swartz Bay,Tsawwassen,Coastal Celebration,2017,07,13,18,00,2017,07,13,18,04,2017,07,13,19,42
Swartz Bay,Tsawwassen,Spirit of Vancouver Island,2017,07,13,19,00,2017,07,13,19,05,2017,07,13,20,30
Swartz Bay,Tsawwassen,Queen of New Westminster,2017,07,13,20,00,2017,07,13,20,00,2017,07,13,21,22
Swartz Bay,Tsawwassen,Spirit of British Columbia,2017,07,13,21,00,2017,07,13,20,59,2017,07,13,22,26
Tsawwassen,Swartz Bay,Spirit of British Columbia,2017,07,14,07,00,2017,07,14,07,00,2017,07,14,08,30
Tsawwassen,Swartz Bay,Queen of New Westminster,2017,07,14,08,00,2017,07,14,08,03,2017,07,14,09,30
Tsawwassen,Swartz Bay,Spirit of Vancouver Island,2017,07,14,09,00,2017,07,14,09,01,2017,07,14,10,30
Tsawwassen,Swartz Bay,Coastal Celebration,2017,07,14,10,00,2017,07,14,10,09,2017,07,14,11,32
Tsawwassen,Swartz Bay,Spirit of British Columbia,2017,07,14,11,00,2017,07,14,11,01,2017,07,14,12,30
Tsawwassen,Swartz Bay,Queen of New Westminster,2017,07,14,12,00,2017,07,14,12,01,2017,07,14,13,32
Tsawwassen,Swartz Bay,Spirit of Vancouver Island,2017,07,14,13,00,2017,07,14,13,04,2017,07,14,14,28
Tsawwassen,Swartz Bay,Coastal Celebration,2017,07,14,14,00,2017,07,14,14,12,2017,07,14,15,34
Tsawwassen,Swartz Bay,Spirit of British Columbia,2017,07,14,15,00,2017,07,14,15,06,2017,07,14,16,34
Tsawwassen,Swartz Bay,Queen of New Westminster,2017,07,14,16,00,2017,07,14,16,06,2017,07,14,17,36
Tsawwassen,Swartz Bay,Spirit of Vancouver Island,2017,07,14,17,00,2017,07,14,17,04,2017,07,14,18,38
Tsawwassen,Swartz Bay,Coastal Celebration,2017,07,14,18,00,2017,07,14,18,15,2017,07,14,19,38
Tsawwassen,Swartz Bay,Spirit of British Columbia,2017,07,14,19,00,2017,07,14,19,08,2017,07,14,20,36
Tsawwassen,Swartz Bay,Queen of New Westminster,2017,07,14,20,00,2017,07,14,20,03,2017,07,14,21,30
Tsawwassen,Swartz Bay,Spirit of Vancouver Island,2017,07,14,21,00,2017,07,14,21,01,2017,07,14,22,28
Tsawwassen,Swartz Bay,Coastal Celebration,2017,07,14,22,00,2017,07,14,22,01,2017,07,14,23,36
Swartz Bay,Tsawwassen,Spirit of Vancouver Island,2017,07,14,07,00,2017,07,14,07,00,2017,07,14,08,30
Swartz Bay,Tsawwassen,Coastal Celebration,2017,07,14,08,00,2017,07,14,08,04,2017,07,14,09,34
Swartz Bay,Tsawwassen,Spirit of British Columbia,2017,07,14,09,00,2017,07,14,09,04,2017,07,14,10,30
Swartz Bay,Tsawwassen,Queen of New Westminster,2017,07,14,10,00,2017,07,14,10,03,2017,07,14,11,30
Swartz Bay,Tsawwassen,Spirit of Vancouver Island,2017,07,14,11,00,2017,07,14,11,01,2017,07,14,12,32
Swartz Bay,Tsawwassen,Coastal Celebration,2017,07,14,12,00,2017,07,14,12,05,2017,07,14,13,38
Swartz Bay,Tsawwassen,Spirit of British Columbia,2017,07,14,13,00,2017,07,14,12,58,2017,07,14,14,30
Swartz Bay,Tsawwassen,Spirit of Vancouver Island,2017,07,14,15,00,2017,07,14,15,04,2017,07,14,16,30
Swartz Bay,Tsawwassen,Coastal Celebration,2017,07,14,16,00,2017,07,14,16,06,2017,07,14,17,28
Swartz Bay,Tsawwassen,Spirit of British Columbia,2017,07,14,17,00,2017,07,14,17,09,2017,07,14,18,34
Swartz Bay,Tsawwassen,Queen of New Westminster,2017,07,14,18,00,2017,07,14,18,07,2017,07,14,19,32
Swartz Bay,Tsawwassen,Spirit of Vancouver Island,2017,07,14,19,00,2017,07,14,19,06,2017,07,14,20,30
Swartz Bay,Tsawwassen,Coastal Celebration,2017,07,14,20,00,2017,07,14,20,06,2017,07,14,21,30
Swartz Bay,Tsawwassen,Spirit of British Columbia,2017,07,14,21,00,2017,07,14,21,02,2017,07,14,22,28
Swartz Bay,Tsawwassen,Queen of New Westminster,2017,07,14,22,00,2017,07,14,22,02,2017,07,14,23,37
Tsawwassen,Swartz Bay,Queen of New Westminster,2017,07,15,06,00,2017,07,15,06,01,2017,07,15,07,32
Tsawwassen,Swartz Bay,Spirit of British Columbia,2017,07,15,07,00,2017,07,15,07,00,2017,07,15,08,30
Tsawwassen,Swartz Bay,Coastal Celebration,2017,07,15,08,00,2017,07,15,08,03,2017,07,15,09,32
Tsawwassen,Swartz Bay,Spirit of Vancouver Island,2017,07,15,09,00,2017,07,15,08,59,2017,07,15,10,30
Tsawwassen,Swartz Bay,Queen of New Westminster,2017,07,15,10,00,2017,07,15,10,02,2017,07,15,11,32
Tsawwassen,Swartz Bay,Spirit of British Columbia,2017,07,15,11,00,2017,07,15,11,05,2017,07,15,12,28
Tsawwassen,Swartz Bay,Coastal Celebration,2017,07,15,12,00,2017,07,15,12,08,2017,07,15,13,30
Tsawwassen,Swartz Bay,Spirit of Vancouver Island,2017,07,15,13,00,2017,07,15,13,05,2017,07,15,14,32
Tsawwassen,Swartz Bay,Queen of New Westminster,2017,07,15,14,00,2017,07,15,14,09,2017,07,15,15,30
Tsawwassen,Swartz Bay,Spirit of British Columbia,2017,07,15,15,00,2017,07,15,14,59,2017,07,15,16,30
Tsawwassen,Swartz Bay,Coastal Celebration,2017,07,15,16,00,2017,07,15,16,02,2017,07,15,17,32
Tsawwassen,Swartz Bay,Queen of New Westminster,2017,07,15,18,00,2017,07,15,18,00,2017,07,15,19,32
Tsawwassen,Swartz Bay,Spirit of British Columbia,2017,07,15,19,00,2017,07,15,19,00,2017,07,15,20,34
Tsawwassen,Swartz Bay,Coastal Celebration,2017,07,15,20,00,2017,07,15,20,01,2017,07,15,21,30
Tsawwassen,Swartz Bay,Spirit of Vancouver Island,2017,07,15,21,00,2017,07,15,21,00,2017,07,15,22,30
Swartz Bay,Tsawwassen,Coastal Celebration,2017,07,15,06,00,2017,07,15,06,03,2017,07,15,07,32
Swartz Bay,Tsawwassen,Spirit of Vancouver Island,2017,07,15,07,00,2017,07,15,07,02,2017,07,15,08,24
Swartz Bay,Tsawwassen,Queen of New Westminster,2017,07,15,08,00,2017,07,15,08,06,2017,07,15,09,28
Swartz Bay,Tsawwassen,Spirit of British Columbia,2017,07,15,09,00,2017,07,15,09,04,2017,07,15,10,30
Swartz Bay,Tsawwassen,Coastal Celebration,2017,07,15,10,00,2017,07,15,10,03,2017,07,15,11,36
Swartz Bay,Tsawwassen,Spirit of Vancouver Island,2017,07,15,11,00,2017,07,15,11,01,2017,07,15,12,30
Swartz Bay,Tsawwassen,Queen of New Westminster,2017,07,15,12,00,2017,07,15,12,02,2017,07,15,13,32
Swartz Bay,Tsawwassen,Spirit of British Columbia,2017,07,15,13,00,2017,07,15,12,58,2017,07,15,14,32
Swartz Bay,Tsawwassen,Coastal Celebration,2017,07,15,14,00,2017,07,15,14,03,2017,07,15,15,34
Swartz Bay,Tsawwassen,Spirit of Vancouver Island,2017,07,15,15,00,2017,07,15,15,01,2017,07,15,16,30
Swartz Bay,Tsawwassen,Queen of New Westminster,2017,07,15,16,00,2017,07,15,16,05,2017,07,15,17,28
Swartz Bay,Tsawwassen,Spirit of British Columbia,2017,07,15,17,00,2017,07,15,16,59,2017,07,15,18,28
Swartz Bay,Tsawwassen,Coastal Celebration,2017,07,15,18,00,2017,07,15,18,02,2017,07,15,19,34
Swartz Bay,Tsawwassen,Spirit of Vancouver Island,2017,07,15,19,00,2017,07,15,19,00,2017,07,15,20,36
Swartz Bay,Tsawwassen,Queen of New Westminster,2017,07,15,20,00,2017,07,15,20,06,2017,07,15,21,26
Swartz Bay,Tsawwassen,Spirit of British Columbia,2017,07,15,21,00,2017,07,15,20,59,2017,07,15,22,27
Tsawwassen,Swartz Bay,Spirit of British Columbia,2017,07,16,07,00,2017,07,16,07,02,2017,07,16,08,38
Tsawwassen,Swartz Bay,Queen of New Westminster,2017,07,16,08,00,2017,07,16,08,02,2017,07,16,09,30
Tsawwassen,Swartz Bay,Spirit of Vancouver Island,2017,07,16,09,00,2017,07,16,09,00,2017,07,16,10,30
Tsawwassen,Swartz Bay,Coastal Celebration,2017,07,16,10,00,2017,07,16,10,07,2017,07,16,11,30
Tsawwassen,Swartz Bay,Spirit of British Columbia,2017,07,16,11,00,2017,07,16,10,58,2017,07,16,12,32
Tsawwassen,Swartz Bay,Queen of New Westminster,2017,07,16,12,00,2017,07,16,12,00,2017,07,16,13,32
Tsawwassen,Swartz Bay,Spirit of Vancouver Island,2017,07,16,13,00,2017,07,16,13,05,2017,07,16,14,30
Tsawwassen,Swartz Bay,Coastal Celebration,2017,07,16,22,00,2017,07,16,22,03,2017,07,16,23,38
Swartz Bay,Tsawwassen,Spirit of Vancouver Island,2017,07,16,07,00,2017,07,16,07,00,2017,07,16,08,28
Swartz Bay,Tsawwassen,Coastal Celebration,2017,07,16,08,00,2017,07,16,08,02,2017,07,16,09,34
Swartz Bay,Tsawwassen,Spirit of British Columbia,2017,07,16,09,00,2017,07,16,09,03,2017,07,16,10,28
Swartz Bay,Tsawwassen,Queen of New Westminster,2017,07,16,10,00,2017,07,16,10,00,2017,07,16,11,28
Swartz Bay,Tsawwassen,Spirit of Vancouver Island,2017,07,16,11,00,2017,07,16,11,06,2017,07,16,12,30
Swartz Bay,Tsawwassen,Coastal Celebration,2017,07,16,12,00,2017,07,16,12,05,2017,07,16,13,34
Swartz Bay,Tsawwassen,Spirit of British Columbia,2017,07,16,13,00,2017,07,16,13,05,2017,07,16,14,32
Swartz Bay,Tsawwassen,Queen of New Westminster,2017,07,16,22,00,2017,07,16,22,01,2017,07,16,23,36
Tsawwassen,Swartz Bay,Coastal Celebration,2017,07,17,12,00,2017,07,17,12,10,2017,07,17,13,30
Tsawwassen,Swartz Bay,Spirit of Vancouver Island,2017,07,17,13,00,2017,07,17,13,05,2017,07,17,14,30
Tsawwassen,Swartz Bay,Queen of New Westminster,2017,07,17,14,00,2017,07,17,14,06,2017,07,17,15,29
Tsawwassen,Swartz Bay,Spirit of British Columbia,2017,07,17,15,00,2017,07,17,15,05,2017,07,17,16,30
Tsawwassen,Swartz Bay,Coastal Celebration,2017,07,17,16,00,2017,07,17,16,09,2017,07,17,17,30
Tsawwassen,Swartz Bay,Spirit of Vancouver Island,2017,07,17,17,00,2017,07,17,16,59,2017,07,17,18,28
Tsawwassen,Swartz Bay,Queen of New Westminster,2017,07,17,18,00,2017,07,17,18,02,2017,07,17,19,28
Tsawwassen,Swartz Bay,Spirit of British Columbia,2017,07,17,19,00,2017,07,17,18,59,2017,07,17,20,32
Tsawwassen,Swartz Bay,Spirit of Vancouver Island,2017,07,17,21,00,2017,07,17,20,59,2017,07,17,22,30
Swartz Bay,Tsawwassen,Queen of New Westminster,2017,07,17,12,00,2017,07,17,12,03,2017,07,17,13,30
Swartz Bay,Tsawwassen,Spirit of British Columbia,2017,07,17,13,00,2017,07,17,13,00,2017,07,17,14,32
Swartz Bay,Tsawwassen,Coastal Celebration,2017,07,17,14,00,2017,07,17,14,02,2017,07,17,15,38
Swartz Bay,Tsawwassen,Spirit of Vancouver Island,2017,07,17,15,00,2017,07,17,15,02,2017,07,17,16,32
Swartz Bay,Tsawwassen,Queen of New Westminster,2017,07,17,16,00,2017,07,17,16,00,2017,07,17,17,30
Swartz Bay,Tsawwassen,Spirit of British Columbia,2017,07,17,17,00,2017,07,17,16,59,2017,07,17,18,28
Swartz Bay,Tsawwassen,Coastal Celebration,2017,07,17,18,00,2017,07,17,18,01,2017,07,17,19,34
Swartz Bay,Tsawwassen,Spirit of Vancouver Island,2017,07,17,19,00,2017,07,17,18,59,2017,07,17,20,32
Swartz Bay,Tsawwassen,Queen of New Westminster,2017,07,17,20,00,2017,07,17,19,59,2017,07,17,21,24
Swartz Bay,Tsawwassen,Spirit of British Columbia,2017,07,17,21,00,2017,07,17,21,00,2017,07,17,22,26
Tsawwassen,Swartz Bay,Queen of New Westminster,2017,07,18,06,00,2017,07,18,06,01,2017,07,18,07,24
Tsawwassen,Swartz Bay,Spirit of British Columbia,2017,07,18,07,00,2017,07,18,07,01,2017,07,18,08,32
Tsawwassen,Swartz Bay,Coastal Celebration,2017,07,18,08,00,2017,07,18,08,03,2017,07,18,09,30
Tsawwassen,Swartz Bay,Spirit of Vancouver Island,2017,07,18,09,00,2017,07,18,09,04,2017,07,18,10,36
Tsawwassen,Swartz Bay,Queen of New Westminster,2017,07,18,10,00,2017,07,18,10,04,2017,07,18,11,32
Tsawwassen,Swartz Bay,Spirit of British Columbia,2017,07,18,11,00,2017,07,18,11,05,2017,07,18,12,36
Tsawwassen,Swartz Bay,Coastal Celebration,2017,07,18,12,00,2017,07,18,12,05,2017,07,18,13,32
Tsawwassen,Swartz Bay,Spirit of Vancouver Island,2017,07,18,13,00,2017,07,18,13,03,2017,07,18,14,30
Tsawwassen,Swartz Bay,Queen of New Westminster,2017,07,18,14,00,2017,07,18,14,06,2017,07,18,15,30
Tsawwassen,Swartz Bay,Spirit of British Columbia,2017,07,18,15,00,2017,07,18,15,02,2017,07,18,16,30
Tsawwassen,Swartz Bay,Coastal Celebration,2017,07,18,16,00,2017,07,18,16,06,2017,07,18,17,30
Tsawwassen,Swartz Bay,Spirit of Vancouver Island,2017,07,18,17,00,2017,07,18,17,00,2017,07,18,18,34
Tsawwassen,Swartz Bay,Queen of New Westminster,2017,07,18,18,00,2017,07,18,18,01,2017,07,18,19,32
Tsawwassen,Swartz Bay,Spirit of British Columbia,2017,07,18,19,00,2017,07,18,18,58,2017,07,18,20,30
Tsawwassen,Swartz Bay,Coastal Celebration,2017,07,18,20,00,2017,07,18,20,00,2017,07,18,21,34
Tsawwassen,Swartz Bay,Spirit of Vancouver Island,2017,07,18,21,00,2017,07,18,20,59,2017,07,18,22,34
Swartz Bay,Tsawwassen,Coastal Celebration,2017,07,18,06,00,2017,07,18,06,01,2017,07,18,07,32
Swartz Bay,Tsawwassen,Spirit of Vancouver Island,2017,07,18,07,00,2017,07,18,07,00,2017,07,18,08,28
Swartz Bay,Tsawwassen,Queen of New Westminster,2017,07,18,08,00,2017,07,18,08,01,2017,07,18,09,24
Swartz Bay,Tsawwassen,Spirit of British Columbia,2017,07,18,09,00,2017,07,18,09,04,2017,07,18,10,30
Swartz Bay,Tsawwassen,Coastal Celebration,2017,07,18,10,00,2017,07,18,10,01,2017,07,18,11,34
Swartz Bay,Tsawwassen,Spirit of Vancouver Island,2017,07,18,11,00,2017,07,18,11,06,2017,07,18,12,32
Swartz Bay,Tsawwassen,Queen of New Westminster,2017,07,18,12,00,2017,07,18,12,03,2017,07,18,13,30
Swartz Bay,Tsawwassen,Spirit of British Columbia,2017,07,18,13,00,2017,07,18,13,03,2017,07,18,14,32
Swartz Bay,Tsawwassen,Coastal Celebration,2017,07,18,14,00,2017,07,18,14,04,2017,07,18,15,38
Swartz Bay,Tsawwassen,Spirit of Vancouver Island,2017,07,18,15,00,2017,07,18,15,01,2017,07,18,16,30
Swartz Bay,Tsawwassen,Queen of New Westminster,2017,07,18,16,00,2017,07,18,16,01,2017,07,18,17,30
Swartz Bay,Tsawwassen,Spirit of British Columbia,2017,07,18,17,00,2017,07,18,17,02,2017,07,18,18,28
Swartz Bay,Tsawwassen,Coastal Celebration,2017,07,18,18,00,2017,07,18,18,02,2017,07,18,19,34
Swartz Bay,Tsawwassen,Spirit of Vancouver Island,2017,07,18,19,00,2017,07,18,19,03,2017,07,18,20,32
Swartz Bay,Tsawwassen,Queen of New Westminster,2017,07,18,20,00,2017,07,18,20,09,2017,07,18,21,30
Swartz Bay,Tsawwassen,Spirit of British Columbia,2017,07,18,21,00,2017,07,18,20,59,2017,07,18,22,26
Tsawwassen,Swartz Bay,Queen of New Westminster,2017,07,19,06,00,2017,07,19,06,03,2017,07,19,07,26
Tsawwassen,Swartz Bay,Spirit of British Columbia,2017,07,19,07,00,2017,07,19,07,01,2017,07,19,08,32
Tsawwassen,Swartz Bay,Spirit of Vancouver Island,2017,07,19,09,00,2017,07,19,09,00,2017,07,19,10,34
Tsawwassen,Swartz Bay,Queen of New Westminster,2017,07,19,10,00,2017,07,19,10,00,2017,07,19,11,32
Tsawwassen,Swartz Bay,Spirit of British Columbia,2017,07,19,11,00,2017,07,19,11,02,2017,07,19,12,36
Tsawwassen,Swartz Bay,Coastal Celebration,2017,07,19,12,00,2017,07,19,12,12,2017,07,19,13,40
Tsawwassen,Swartz Bay,Spirit of Vancouver Island,2017,07,19,13,00,2017,07,19,13,03,2017,07,19,14,34
Tsawwassen,Swartz Bay,Queen of New Westminster,2017,07,19,14,00,2017,07,19,14,00,2017,07,19,15,36
Tsawwassen,Swartz Bay,Spirit of British Columbia,2017,07,19,15,00,2017,07,19,15,02,2017,07,19,16,32
Tsawwassen,Swartz Bay,Coastal Celebration,2017,07,19,16,00,2017,07,19,16,03,2017,07,19,17,32
Tsawwassen,Swartz Bay,Spirit of Vancouver Island,2017,07,19,17,00,2017,07,19,17,01,2017,07,19,18,32
Tsawwassen,Swartz Bay,Queen of New Westminster,2017,07,19,18,00,2017,07,19,18,02,2017,07,19,19,30
Tsawwassen,Swartz Bay,Spirit of British Columbia,2017,07,19,19,00,2017,07,19,18,59,2017,07,19,20,30
Tsawwassen,Swartz Bay,Coastal Celebration,2017,07,19,20,00,2017,07,19,20,12,2017,07,19,21,38
Tsawwassen,Swartz Bay,Spirit of Vancouver Island,2017,07,19,21,00,2017,07,19,21,00,2017,07,19,22,30
Swartz Bay,Tsawwassen,Coastal Celebration,2017,07,19,06,00,2017,07,19,06,02,2017,07,19,07,34
Swartz Bay,Tsawwassen,Spirit of Vancouver Island,2017,07,19,07,00,2017,07,19,07,00,2017,07,19,08,32
Swartz Bay,Tsawwassen,Queen of New Westminster,2017,07,19,08,00,2017,07,19,08,01,2017,07,19,09,24
Swartz Bay,Tsawwassen,Spirit of British Columbia,2017,07,19,09,00,2017,07,19,09,00,2017,07,19,10,30
Swartz Bay,Tsawwassen,Coastal Celebration,2017,07,19,10,00,2017,07,19,10,04,2017,07,19,11,36
Swartz Bay,Tsawwassen,Spirit of Vancouver Island,2017,07,19,11,00,2017,07,19,11,02,2017,07,19,12,32
Swartz Bay,Tsawwassen,Queen of New Westminster,2017,07,19,12,00,2017,07,19,12,03,2017,07,19,13,26
Swartz Bay,Tsawwassen,Spirit of British Columbia,2017,07,19,13,00,2017,07,19,13,06,2017,07,19,14,34
Swartz Bay,Tsawwassen,Coastal Celebration,2017,07,19,14,00,2017,07,19,14,11,2017,07,19,15,36
Swartz Bay,Tsawwassen,Spirit of Vancouver Island,2017,07,19,15,00,2017,07,19,15,04,2017,07,19,16,29
Swartz Bay,Tsawwassen,Queen of New Westminster,2017,07,19,16,00,2017,07,19,16,07,2017,07,19,17,38
Swartz Bay,Tsawwassen,Spirit of British Columbia,2017,07,19,17,00,2017,07,19,17,00,2017,07,19,18,30
Swartz Bay,Tsawwassen,Coastal Celebration,2017,07,19,18,00,2017,07,19,18,02,2017,07,19,19,34
Swartz Bay,Tsawwassen,Spirit of Vancouver Island,2017,07,19,19,00,2017,07,19,19,00,2017,07,19,20,32
Swartz Bay,Tsawwassen,Queen of New Westminster,2017,07,19,20,00,2017,07,19,20,00,2017,07,19,21,20
Swartz Bay,Tsawwassen,Spirit of British Columbia,2017,07,19,21,00,2017,07,19,20,58,2017,07,19,22,30
Tsawwassen,Swartz Bay,Queen of New Westminster,2017,07,20,06,00,2017,07,20,06,05,2017,07,20,07,28
Tsawwassen,Swartz Bay,Spirit of British Columbia,2017,07,20,07,00,2017,07,20,07,00,2017,07,20,08,34
Tsawwassen,Swartz Bay,Coastal Celebration,2017,07,20,08,00,2017,07,20,08,07,2017,07,20,09,32
Tsawwassen,Swartz Bay,Spirit of Vancouver Island,2017,07,20,09,00,2017,07,20,09,02,2017,07,20,10,34
Tsawwassen,Swartz Bay,Queen of New Westminster,2017,07,20,10,00,2017,07,20,10,02,2017,07,20,11,33
Tsawwassen,Swartz Bay,Spirit of British Columbia,2017,07,20,11,00,2017,07,20,11,11,2017,07,20,12,42
Tsawwassen,Swartz Bay,Coastal Celebration,2017,07,20,12,00,2017,07,20,12,06,2017,07,20,13,38
Tsawwassen,Swartz Bay,Spirit of Vancouver Island,2017,07,20,13,00,2017,07,20,13,04,2017,07,20,14,42
Tsawwassen,Swartz Bay,Queen of New Westminster,2017,07,20,14,00,2017,07,20,14,01,2017,07,20,15,30
Tsawwassen,Swartz Bay,Spirit of British Columbia,2017,07,20,15,00,2017,07,20,15,08,2017,07,20,16,34
Tsawwassen,Swartz Bay,Coastal Celebration,2017,07,20,16,00,2017,07,20,16,15,2017,07,20,17,37
Tsawwassen,Swartz Bay,Spirit of Vancouver Island,2017,07,20,17,00,2017,07,20,17,12,2017,07,20,18,36
Tsawwassen,Swartz Bay,Queen of New Westminster,2017,07,20,18,00,2017,07,20,18,01,2017,07,20,19,24
Tsawwassen,Swartz Bay,Spirit of British Columbia,2017,07,20,19,00,2017,07,20,19,03,2017,07,20,20,36
Tsawwassen,Swartz Bay,Coastal Celebration,2017,07,20,20,00,2017,07,20,20,04,2017,07,20,21,28
Tsawwassen,Swartz Bay,Spirit of Vancouver Island,2017,07,20,21,00,2017,07,20,20,59,2017,07,20,22,27
Swartz Bay,Tsawwassen,Coastal Celebration,2017,07,20,06,00,2017,07,20,06,03,2017,07,20,07,32
Swartz Bay,Tsawwassen,Spirit of Vancouver Island,2017,07,20,07,00,2017,07,20,07,00,2017,07,20,08,32
Swartz Bay,Tsawwassen,Queen of New Westminster,2017,07,20,08,00,2017,07,20,08,02,2017,07,20,09,26
Swartz Bay,Tsawwassen,Spirit of British Columbia,2017,07,20,09,00,2017,07,20,09,01,2017,07,20,10,28
Swartz Bay,Tsawwassen,Coastal Celebration,2017,07,20,10,00,2017,07,20,10,03,2017,07,20,11,33
Swartz Bay,Tsawwassen,Spirit of Vancouver Island,2017,07,20,11,00,2017,07,20,11,09,2017,07,20,12,34
Swartz Bay,Tsawwassen,Queen of New Westminster,2017,07,20,12,00,2017,07,20,12,04,2017,07,20,13,28
Swartz Bay,Tsawwassen,Spirit of British Columbia,2017,07,20,13,00,2017,07,20,13,15,2017,07,20,14,38
Swartz Bay,Tsawwassen,Coastal Celebration,2017,07,20,14,00,2017,07,20,14,11,2017,07,20,15,40
Swartz Bay,Tsawwassen,Spirit of Vancouver Island,2017,07,20,15,00,2017,07,20,15,16,2017,07,20,16,40
Swartz Bay,Tsawwassen,Queen of New Westminster,2017,07,20,16,00,2017,07,20,16,01,2017,07,20,17,26
Swartz Bay,Tsawwassen,Spirit of British Columbia,2017,07,20,17,00,2017,07,20,17,03,2017,07,20,18,38
Swartz Bay,Tsawwassen,Coastal Celebration,2017,07,20,18,00,2017,07,20,18,11,2017,07,20,19,40
Swartz Bay,Tsawwassen,Spirit of Vancouver Island,2017,07,20,19,00,2017,07,20,19,10,2017,07,20,20,34
Swartz Bay,Tsawwassen,Queen of New Westminster,2017,07,20,20,00,2017,07,20,20,02,2017,07,20,21,26
Swartz Bay,Tsawwassen,Spirit of British Columbia,2017,07,20,21,00,2017,07,20,21,01,2017,07,20,22,25
Tsawwassen,Swartz Bay,Spirit of British Columbia,2017,07,21,07,00,2017,07,21,07,01,2017,07,21,08,34
Tsawwassen,Swartz Bay,Queen of New Westminster,2017,07,21,08,00,2017,07,21,08,01,2017,07,21,09,32
Tsawwassen,Swartz Bay,Spirit of Vancouver Island,2017,07,21,09,00,2017,07,21,09,04,2017,07,21,10,34
Tsawwassen,Swartz Bay,Coastal Celebration,2017,07,21,10,00,2017,07,21,10,07,2017,07,21,11,38
Tsawwassen,Swartz Bay,Spirit of British Columbia,2017,07,21,11,00,2017,07,21,11,08,2017,07,21,12,40
Tsawwassen,Swartz Bay,Spirit of Vancouver Island,2017,07,21,13,00,2017,07,21,13,10,2017,07,21,14,40
Tsawwassen,Swartz Bay,Coastal Celebration,2017,07,21,14,00,2017,07,21,14,16,2017,07,21,15,42
Tsawwassen,Swartz Bay,Spirit of British Columbia,2017,07,21,15,00,2017,07,21,15,13,2017,07,21,16,46
Tsawwassen,Swartz Bay,Queen of New Westminster,2017,07,21,16,00,2017,07,21,16,18,2017,07,21,17,46
Tsawwassen,Swartz Bay,Spirit of Vancouver Island,2017,07,21,17,00,2017,07,21,17,20,2017,07,21,18,48
Tsawwassen,Swartz Bay,Coastal Celebration,2017,07,21,18,00,2017,07,21,18,16,2017,07,21,19,36
Tsawwassen,Swartz Bay,Spirit of British Columbia,2017,07,21,19,00,2017,07,21,19,18,2017,07,21,20,46
Tsawwassen,Swartz Bay,Queen of New Westminster,2017,07,21,20,00,2017,07,21,20,16,2017,07,21,21,42
Tsawwassen,Swartz Bay,Spirit of Vancouver Island,2017,07,21,21,00,2017,07,21,21,18,2017,07,21,22,43
Tsawwassen,Swartz Bay,Coastal Celebration,2017,07,21,22,00,2017,07,21,22,07,2017,07,21,23,42
Swartz Bay,Tsawwassen,Spirit of Vancouver Island,2017,07,21,07,00,2017,07,21,07,02,2017,07,21,08,32
Swartz Bay,Tsawwassen,Coastal Celebration,2017,07,21,08,00,2017,07,21,08,06,2017,07,21,09,30
Swartz Bay,Tsawwassen,Spirit of British Columbia,2017,07,21,09,00,2017,07,21,09,08,2017,07,21,10,34
Swartz Bay,Tsawwassen,Queen of New Westminster,2017,07,21,10,00,2017,07,21,10,06,2017,07,21,11,32
Swartz Bay,Tsawwassen,Spirit of Vancouver Island,2017,07,21,11,00,2017,07,21,11,06,2017,07,21,12,32
Swartz Bay,Tsawwassen,Coastal Celebration,2017,07,21,12,00,2017,07,21,12,12,2017,07,21,13,36
Swartz Bay,Tsawwassen,Spirit of British Columbia,2017,07,21,13,00,2017,07,21,13,11,2017,07,21,14,40
Swartz Bay,Tsawwassen,Queen of New Westminster,2017,07,21,14,00,2017,07,21,14,12,2017,07,21,15,38
Swartz Bay,Tsawwassen,Spirit of Vancouver Island,2017,07,21,15,00,2017,07,21,15,18,2017,07,21,16,42
Swartz Bay,Tsawwassen,Coastal Celebration,2017,07,21,16,00,2017,07,21,16,19,2017,07,21,17,44
Swartz Bay,Tsawwassen,Spirit of British Columbia,2017,07,21,17,00,2017,07,21,17,20,2017,07,21,18,44
Swartz Bay,Tsawwassen,Queen of New Westminster,2017,07,21,18,00,2017,07,21,18,22,2017,07,21,19,44
Swartz Bay,Tsawwassen,Spirit of Vancouver Island,2017,07,21,19,00,2017,07,21,19,20,2017,07,21,20,46
Swartz Bay,Tsawwassen,Coastal Celebration,2017,07,21,20,00,2017,07,21,20,11,2017,07,21,21,42
Swartz Bay,Tsawwassen,Spirit of British Columbia,2017,07,21,21,00,2017,07,21,21,13,2017,07,21,22,44
Swartz Bay,Tsawwassen,Queen of New Westminster,2017,07,21,22,00,2017,07,21,22,03,2017,07,21,23,38
Tsawwassen,Swartz Bay,Queen of New Westminster,2017,07,22,06,00,2017,07,22,06,01,2017,07,22,07,30
Tsawwassen,Swartz Bay,Spirit of British Columbia,2017,07,22,07,00,2017,07,22,07,00,2017,07,22,08,30
Tsawwassen,Swartz Bay,Coastal Celebration,2017,07,22,08,00,2017,07,22,08,06,2017,07,22,09,34
Tsawwassen,Swartz Bay,Spirit of Vancouver Island,2017,07,22,09,00,2017,07,22,09,01,2017,07,22,10,30
Tsawwassen,Swartz Bay,Spirit of British Columbia,2017,07,22,11,00,2017,07,22,11,09,2017,07,22,12,38
Tsawwassen,Swartz Bay,Coastal Celebration,2017,07,22,12,00,2017,07,22,12,16,2017,07,22,13,46
Tsawwassen,Swartz Bay,Spirit of Vancouver Island,2017,07,22,13,00,2017,07,22,13,04,2017,07,22,14,34
Tsawwassen,Swartz Bay,Queen of New Westminster,2017,07,22,14,00,2017,07,22,14,07,2017,07,22,15,40
Tsawwassen,Swartz Bay,Spirit of British Columbia,2017,07,22,15,00,2017,07,22,15,15,2017,07,22,16,44
Tsawwassen,Swartz Bay,Coastal Celebration,2017,07,22,16,00,2017,07,22,16,07,2017,07,22,17,36
Tsawwassen,Swartz Bay,Spirit of Vancouver Island,2017,07,22,17,00,2017,07,22,17,01,2017,07,22,18,30
Tsawwassen,Swartz Bay,Queen of New Westminster,2017,07,22,18,00,2017,07,22,18,03,2017,07,22,19,28
Tsawwassen,Swartz Bay,Spirit of British Columbia,2017,07,22,19,00,2017,07,22,19,03,2017,07,22,20,30
Tsawwassen,Swartz Bay,Coastal Celebration,2017,07,22,20,00,2017,07,22,20,02,2017,07,22,21,26
Tsawwassen,Swartz Bay,Spirit of Vancouver Island,2017,07,22,21,00,2017,07,22,21,00,2017,07,22,22,28
Swartz Bay,Tsawwassen,Coastal Celebration,2017,07,22,06,00,2017,07,22,06,03,2017,07,22,07,36
Swartz Bay,Tsawwassen,Spirit of Vancouver Island,2017,07,22,07,00,2017,07,22,07,02,2017,07,22,08,28
Swartz Bay,Tsawwassen,Queen of New Westminster,2017,07,22,08,00,2017,07,22,08,06,2017,07,22,09,34
Swartz Bay,Tsawwassen,Spirit of British Columbia,2017,07,22,09,00,2017,07,22,09,02,2017,07,22,10,30
Swartz Bay,Tsawwassen,Coastal Celebration,2017,07,22,10,00,2017,07,22,10,10,2017,07,22,11,38
Swartz Bay,Tsawwassen,Spirit of Vancouver Island,2017,07,22,11,00,2017,07,22,11,02,2017,07,22,12,32
Swartz Bay,Tsawwassen,Queen of New Westminster,2017,07,22,12,00,2017,07,22,12,04,2017,07,22,13,28
Swartz Bay,Tsawwassen,Spirit of British Columbia,2017,07,22,13,00,2017,07,22,13,11,2017,07,22,14,42
Swartz Bay,Tsawwassen,Coastal Celebration,2017,07,22,14,00,2017,07,22,14,17,2017,07,22,15,36
Swartz Bay,Tsawwassen,Spirit of Vancouver Island,2017,07,22,15,00,2017,07,22,15,04,2017,07,22,16,30
Swartz Bay,Tsawwassen,Queen of New Westminster,2017,07,22,16,00,2017,07,22,16,12,2017,07,22,17,34
Swartz Bay,Tsawwassen,Spirit of British Columbia,2017,07,22,17,00,2017,07,22,17,12,2017,07,22,18,42
Swartz Bay,Tsawwassen,Coastal Celebration,2017,07,22,18,00,2017,07,22,18,04,2017,07,22,19,32
Swartz Bay,Tsawwassen,Spirit of Vancouver Island,2017,07,22,19,00,2017,07,22,19,00,2017,07,22,20,32
Swartz Bay,Tsawwassen,Queen of New Westminster,2017,07,22,20,00,2017,07,22,20,02,2017,07,22,21,26
Swartz Bay,Tsawwassen,Spirit of British Columbia,2017,07,22,21,00,2017,07,22,20,59,2017,07,22,22,30
Tsawwassen,Swartz Bay,Spirit of British Columbia,2017,07,23,07,00,2017,07,23,07,00,2017,07,23,08,32
Tsawwassen,Swartz Bay,Queen of New Westminster,2017,07,23,08,00,2017,07,23,08,04,2017,07,23,09,34
Tsawwassen,Swartz Bay,Spirit of Vancouver Island,2017,07,23,09,00,2017,07,23,09,01,2017,07,23,10,36
Tsawwassen,Swartz Bay,Coastal Celebration,2017,07,23,10,00,2017,07,23,10,07,2017,07,23,11,38
Tsawwassen,Swartz Bay,Spirit of British Columbia,2017,07,23,11,00,2017,07,23,11,08,2017,07,23,12,34
Tsawwassen,Swartz Bay,Queen of New Westminster,2017,07,23,12,00,2017,07,23,12,06,2017,07,23,13,40
Tsawwassen,Swartz Bay,Spirit of Vancouver Island,2017,07,23,13,00,2017,07,23,13,09,2017,07,23,14,38
Tsawwassen,Swartz Bay,Coastal Celebration,2017,07,23,14,00,2017,07,23,14,15,2017,07,23,15,40
Tsawwassen,Swartz Bay,Spirit of British Columbia,2017,07,23,15,00,2017,07,23,15,08,2017,07,23,16,42
Tsawwassen,Swartz Bay,Queen of New Westminster,2017,07,23,16,00,2017,07,23,16,11,2017,07,23,17,38
Tsawwassen,Swartz Bay,Spirit of Vancouver Island,2017,07,23,17,00,2017,07,23,17,09,2017,07,23,18,38
Tsawwassen,Swartz Bay,Coastal Celebration,2017,07,23,18,00,2017,07,23,18,13,2017,07,23,19,32
Tsawwassen,Swartz Bay,Spirit of British Columbia,2017,07,23,19,00,2017,07,23,19,13,2017,07,23,20,38
Tsawwassen,Swartz Bay,Queen of New Westminster,2017,07,23,20,00,2017,07,23,20,09,2017,07,23,21,32
Tsawwassen,Swartz Bay,Spirit of Vancouver Island,2017,07,23,21,00,2017,07,23,21,12,2017,07,23,22,38
Tsawwassen,Swartz Bay,Coastal Celebration,2017,07,23,22,00,2017,07,23,22,13,2017,07,23,23,48
Swartz Bay,Tsawwassen,Spirit of Vancouver Island,2017,07,23,07,00,2017,07,23,06,59,2017,07,23,08,28
Swartz Bay,Tsawwassen,Coastal Celebration,2017,07,23,08,00,2017,07,23,08,02,2017,07,23,09,36
Swartz Bay,Tsawwassen,Spirit of British Columbia,2017,07,23,09,00,2017,07,23,09,04,2017,07,23,10,34
Swartz Bay,Tsawwassen,Queen of New Westminster,2017,07,23,10,00,2017,07,23,10,08,2017,07,23,11,36
Swartz Bay,Tsawwassen,Spirit of Vancouver Island,2017,07,23,11,00,2017,07,23,11,08,2017,07,23,12,32
Swartz Bay,Tsawwassen,Coastal Celebration,2017,07,23,12,00,2017,07,23,12,12,2017,07,23,13,36
Swartz Bay,Tsawwassen,Spirit of British Columbia,2017,07,23,13,00,2017,07,23,13,08,2017,07,23,14,34
Swartz Bay,Tsawwassen,Queen of New Westminster,2017,07,23,14,00,2017,07,23,14,11,2017,07,23,15,34
Swartz Bay,Tsawwassen,Spirit of Vancouver Island,2017,07,23,15,00,2017,07,23,15,12,2017,07,23,16,36
Swartz Bay,Tsawwassen,Coastal Celebration,2017,07,23,16,00,2017,07,23,16,15,2017,07,23,17,38
Swartz Bay,Tsawwassen,Spirit of British Columbia,2017,07,23,17,00,2017,07,23,17,13,2017,07,23,18,38
Swartz Bay,Tsawwassen,Queen of New Westminster,2017,07,23,18,00,2017,07,23,18,10,2017,07,23,19,36
Swartz Bay,Tsawwassen,Spirit of Vancouver Island,2017,07,23,19,00,2017,07,23,19,11,2017,07,23,20,40
Swartz Bay,Tsawwassen,Coastal Celebration,2017,07,23,20,00,2017,07,23,20,06,2017,07,23,21,36
Swartz Bay,Tsawwassen,Spirit of British Columbia,2017,07,23,21,00,2017,07,23,21,12,2017,07,23,22,40
Swartz Bay,Tsawwassen,Queen of New Westminster,2017,07,23,22,00,2017,07,23,22,02,2017,07,23,23,37
Tsawwassen,Swartz Bay,Queen of New Westminster,2017,07,24,06,00,2017,07,24,06,25,2017,07,24,07,46
Tsawwassen,Swartz Bay,Spirit of British Columbia,2017,07,24,07,00,2017,07,24,07,00,2017,07,24,08,34
Tsawwassen,Swartz Bay,Spirit of Vancouver Island,2017,07,24,09,00,2017,07,24,09,03,2017,07,24,10,32
Tsawwassen,Swartz Bay,Queen of New Westminster,2017,07,24,10,00,2017,07,24,10,09,2017,07,24,11,34
Tsawwassen,Swartz Bay,Spirit of British Columbia,2017,07,24,11,00,2017,07,24,11,12,2017,07,24,12,38
Tsawwassen,Swartz Bay,Coastal Celebration,2017,07,24,12,00,2017,07,24,12,08,2017,07,24,13,36
Tsawwassen,Swartz Bay,Spirit of Vancouver Island,2017,07,24,13,00,2017,07,24,13,07,2017,07,24,14,38
Tsawwassen,Swartz Bay,Queen of New Westminster,2017,07,24,14,00,2017,07,24,14,11,2017,07,24,15,40
Tsawwassen,Swartz Bay,Spirit of British Columbia,2017,07,24,15,00,2017,07,24,15,10,2017,07,24,16,42
Tsawwassen,Swartz Bay,Coastal Celebration,2017,07,24,16,00,2017,07,24,16,09,2017,07,24,17,36
Tsawwassen,Swartz Bay,Spirit of Vancouver Island,2017,07,24,17,00,2017,07,24,17,06,2017,07,24,18,42
Tsawwassen,Swartz Bay,Queen of New Westminster,2017,07,24,18,00,2017,07,24,18,06,2017,07,24,19,30
Tsawwassen,Swartz Bay,Spirit of British Columbia,2017,07,24,19,00,2017,07,24,19,10,2017,07,24,20,38
Tsawwassen,Swartz Bay,Coastal Celebration,2017,07,24,20,00,2017,07,24,20,07,2017,07,24,21,34
Tsawwassen,Swartz Bay,Spirit of Vancouver Island,2017,07,24,21,00,2017,07,24,21,04,2017,07,24,22,30
Swartz Bay,Tsawwassen,Coastal Celebration,2017,07,24,06,00,2017,07,24,06,02,2017,07,24,07,38
Swartz Bay,Tsawwassen,Spirit of Vancouver Island,2017,07,24,07,00,2017,07,24,07,00,2017,07,24,08,32
Swartz Bay,Tsawwassen,Queen of New Westminster,2017,07,24,08,00,2017,07,24,08,13,2017,07,24,09,39
Swartz Bay,Tsawwassen,Spirit of British Columbia,2017,07,24,09,00,2017,07,24,09,04,2017,07,24,10,36
Swartz Bay,Tsawwassen,Coastal Celebration,2017,07,24,10,00,2017,07,24,10,02,2017,07,24,11,38
Swartz Bay,Tsawwassen,Spirit of Vancouver Island,2017,07,24,11,00,2017,07,24,11,01,2017,07,24,12,28
Swartz Bay,Tsawwassen,Queen of New Westminster,2017,07,24,12,00,2017,07,24,12,08,2017,07,24,13,36
Swartz Bay,Tsawwassen,Spirit of British Columbia,2017,07,24,13,00,2017,07,24,13,10,2017,07,24,14,36
Swartz Bay,Tsawwassen,Coastal Celebration,2017,07,24,14,00,2017,07,24,14,04,2017,07,24,15,30
Swartz Bay,Tsawwassen,Spirit of Vancouver Island,2017,07,24,15,00,2017,07,24,15,06,2017,07,24,16,36
Swartz Bay,Tsawwassen,Queen of New Westminster,2017,07,24,16,00,2017,07,24,16,11,2017,07,24,17,34
Swartz Bay,Tsawwassen,Spirit of British Columbia,2017,07,24,17,00,2017,07,24,17,07,2017,07,24,18,40
Swartz Bay,Tsawwassen,Coastal Celebration,2017,07,24,18,00,2017,07,24,18,05,2017,07,24,19,33
Swartz Bay,Tsawwassen,Spirit of Vancouver Island,2017,07,24,19,00,2017,07,24,19,10,2017,07,24,20,38
Swartz Bay,Tsawwassen,Queen of New Westminster,2017,07,24,20,00,2017,07,24,20,06,2017,07,24,21,36
Swartz Bay,Tsawwassen,Spirit of British Columbia,2017,07,24,21,00,2017,07,24,21,02,2017,07,24,22,34
Tsawwassen,Swartz Bay,Queen of New Westminster,2017,07,25,06,00,2017,07,25,06,02,2017,07,25,07,32
Tsawwassen,Swartz Bay,Spirit of British Columbia,2017,07,25,07,00,2017,07,25,07,00,2017,07,25,08,28
Tsawwassen,Swartz Bay,Coastal Celebration,2017,07,25,08,00,2017,07,25,08,12,2017,07,25,09,30
Tsawwassen,Swartz Bay,Spirit of Vancouver Island,2017,07,25,09,00,2017,07,25,09,05,2017,07,25,10,30
Tsawwassen,Swartz Bay,Queen of New Westminster,2017,07,25,10,00,2017,07,25,10,03,2017,07,25,11,34
Tsawwassen,Swartz Bay,Spirit of British Columbia,2017,07,25,11,00,2017,07,25,11,03,2017,07,25,12,28
Tsawwassen,Swartz Bay,Coastal Celebration,2017,07,25,12,00,2017,07,25,12,14,2017,07,25,13,34
Tsawwassen,Swartz Bay,Spirit of Vancouver Island,2017,07,25,13,00,2017,07,25,13,01,2017,07,25,14,30
Tsawwassen,Swartz Bay,Queen of New Westminster,2017,07,25,14,00,2017,07,25,14,09,2017,07,25,15,38
Tsawwassen,Swartz Bay,Spirit of British Columbia,2017,07,25,15,00,2017,07,25,15,00,2017,07,25,16,34
Tsawwassen,Swartz Bay,Coastal Celebration,2017,07,25,16,00,2017,07,25,16,05,2017,07,25,17,40
Tsawwassen,Swartz Bay,Spirit of Vancouver Island,2017,07,25,17,00,2017,07,25,17,02,2017,07,25,18,34
Tsawwassen,Swartz Bay,Queen of New Westminster,2017,07,25,18,00,2017,07,25,18,07,2017,07,25,19,32
Tsawwassen,Swartz Bay,Spirit of British Columbia,2017,07,25,19,00,2017,07,25,19,01,2017,07,25,20,32
Tsawwassen,Swartz Bay,Coastal Celebration,2017,07,25,20,00,2017,07,25,20,02,2017,07,25,21,28
Tsawwassen,Swartz Bay,Spirit of Vancouver Island,2017,07,25,21,00,2017,07,25,20,58,2017,07,25,22,28
Swartz Bay,Tsawwassen,Coastal Celebration,2017,07,25,06,00,2017,07,25,06,08,2017,07,25,07,40
Swartz Bay,Tsawwassen,Spirit of Vancouver Island,2017,07,25,07,00,2017,07,25,07,01,2017,07,25,08,30
Swartz Bay,Tsawwassen,Queen of New Westminster,2017,07,25,08,00,2017,07,25,08,00,2017,07,25,09,32
Swartz Bay,Tsawwassen,Spirit of British Columbia,2017,07,25,09,00,2017,07,25,09,01,2017,07,25,10,34
Swartz Bay,Tsawwassen,Coastal Celebration,2017,07,25,10,00,2017,07,25,10,04,2017,07,25,11,38
Swartz Bay,Tsawwassen,Spirit of Vancouver Island,2017,07,25,11,00,2017,07,25,11,00,2017,07,25,12,30
Swartz Bay,Tsawwassen,Queen of New Westminster,2017,07,25,12,00,2017,07,25,12,04,2017,07,25,13,32
Swartz Bay,Tsawwassen,Spirit of British Columbia,2017,07,25,13,00,2017,07,25,13,00,2017,07,25,14,28
Swartz Bay,Tsawwassen,Coastal Celebration,2017,07,25,14,00,2017,07,25,14,04,2017,07,25,15,34
Swartz Bay,Tsawwassen,Spirit of Vancouver Island,2017,07,25,15,00,2017,07,25,15,01,2017,07,25,16,30
Swartz Bay,Tsawwassen,Queen of New Westminster,2017,07,25,16,00,2017,07,25,16,11,2017,07,25,17,40
Swartz Bay,Tsawwassen,Spirit of British Columbia,2017,07,25,17,00,2017,07,25,17,01,2017,07,25,18,30
Swartz Bay,Tsawwassen,Coastal Celebration,2017,07,25,18,00,2017,07,25,18,06,2017,07,25,19,32
Swartz Bay,Tsawwassen,Spirit of Vancouver Island,2017,07,25,19,00,2017,07,25,19,00,2017,07,25,20,32
Swartz Bay,Tsawwassen,Queen of New Westminster,2017,07,25,20,00,2017,07,25,20,01,2017,07,25,21,28
Swartz Bay,Tsawwassen,Spirit of British Columbia,2017,07,25,21,00,2017,07,25,20,59,2017,07,25,22,32
Tsawwassen,Swartz Bay,Queen of New Westminster,2017,07,26,06,00,2017,07,26,06,03,2017,07,26,07,40
Tsawwassen,Swartz Bay,Spirit of British Columbia,2017,07,26,07,00,2017,07,26,07,00,2017,07,26,08,38
Tsawwassen,Swartz Bay,Coastal Celebration,2017,07,26,08,00,2017,07,26,08,01,2017,07,26,09,30
Tsawwassen,Swartz Bay,Spirit of Vancouver Island,2017,07,26,09,00,2017,07,26,09,00,2017,07,26,10,32
Tsawwassen,Swartz Bay,Queen of New Westminster,2017,07,26,10,00,2017,07,26,10,06,2017,07,26,11,28
Tsawwassen,Swartz Bay,Spirit of British Columbia,2017,07,26,11,00,2017,07,26,11,05,2017,07,26,12,30
Tsawwassen,Swartz Bay,Coastal Celebration,2017,07,26,12,00,2017,07,26,12,16,2017,07,26,13,34
Tsawwassen,Swartz Bay,Spirit of Vancouver Island,2017,07,26,13,00,2017,07,26,13,03,2017,07,26,14,30
Tsawwassen,Swartz Bay,Queen of New Westminster,2017,07,26,14,00,2017,07,26,14,05,2017,07,26,15,36
Tsawwassen,Swartz Bay,Spirit of British Columbia,2017,07,26,15,00,2017,07,26,15,04,2017,07,26,16,36
Tsawwassen,Swartz Bay,Coastal Celebration,2017,07,26,16,00,2017,07,26,16,02,2017,07,26,17,36
Tsawwassen,Swartz Bay,Spirit of Vancouver Island,2017,07,26,17,00,2017,07,26,17,01,2017,07,26,18,34
Tsawwassen,Swartz Bay,Queen of New Westminster,2017,07,26,18,00,2017,07,26,18,02,2017,07,26,19,30
Tsawwassen,Swartz Bay,Spirit of British Columbia,2017,07,26,19,00,2017,07,26,19,00,2017,07,26,20,30
Tsawwassen,Swartz Bay,Coastal Celebration,2017,07,26,20,00,2017,07,26,19,59,2017,07,26,21,24
Tsawwassen,Swartz Bay,Spirit of Vancouver Island,2017,07,26,21,00,2017,07,26,21,02,2017,07,26,22,26
Swartz Bay,Tsawwassen,Coastal Celebration,2017,07,26,06,00,2017,07,26,06,02,2017,07,26,07,32
Swartz Bay,Tsawwassen,Spirit of Vancouver Island,2017,07,26,07,00,2017,07,26,06,58,2017,07,26,08,32
Swartz Bay,Tsawwassen,Queen of New Westminster,2017,07,26,08,00,2017,07,26,08,09,2017,07,26,09,36
Swartz Bay,Tsawwassen,Spirit of British Columbia,2017,07,26,09,00,2017,07,26,09,04,2017,07,26,10,34
Swartz Bay,Tsawwassen,Coastal Celebration,2017,07,26,10,00,2017,07,26,10,04,2017,07,26,11,34
Swartz Bay,Tsawwassen,Spirit of Vancouver Island,2017,07,26,11,00,2017,07,26,11,01,2017,07,26,12,32
Swartz Bay,Tsawwassen,Queen of New Westminster,2017,07,26,12,00,2017,07,26,12,04,2017,07,26,13,30
Swartz Bay,Tsawwassen,Spirit of British Columbia,2017,07,26,13,00,2017,07,26,13,01,2017,07,26,14,30
Swartz Bay,Tsawwassen,Coastal Celebration,2017,07,26,14,00,2017,07,26,14,04,2017,07,26,15,34
Swartz Bay,Tsawwassen,Spirit of Vancouver Island,2017,07,26,15,00,2017,07,26,15,03,2017,07,26,16,28
Swartz Bay,Tsawwassen,Queen of New Westminster,2017,07,26,16,00,2017,07,26,16,06,2017,07,26,17,32
Swartz Bay,Tsawwassen,Spirit of British Columbia,2017,07,26,17,00,2017,07,26,17,05,2017,07,26,18,28
Swartz Bay,Tsawwassen,Coastal Celebration,2017,07,26,18,00,2017,07,26,18,05,2017,07,26,19,34
Swartz Bay,Tsawwassen,Spirit of Vancouver Island,2017,07,26,19,00,2017,07,26,19,02,2017,07,26,20,34
Swartz Bay,Tsawwassen,Queen of New Westminster,2017,07,26,20,00,2017,07,26,19,59,2017,07,26,21,28
Swartz Bay,Tsawwassen,Spirit of British Columbia,2017,07,26,21,00,2017,07,26,21,00,2017,07,26,22,28
Tsawwassen,Swartz Bay,Queen of New Westminster,2017,07,27,06,00,2017,07,27,06,01,2017,07,27,07,28
Tsawwassen,Swartz Bay,Spirit of British Columbia,2017,07,27,07,00,2017,07,27,06,59,2017,07,27,08,30
Tsawwassen,Swartz Bay,Coastal Celebration,2017,07,27,08,00,2017,07,27,08,03,2017,07,27,09,32
Tsawwassen,Swartz Bay,Spirit of Vancouver Island,2017,07,27,09,00,2017,07,27,09,01,2017,07,27,10,32
Tsawwassen,Swartz Bay,Queen of New Westminster,2017,07,27,10,00,2017,07,27,10,03,2017,07,27,11,34
Tsawwassen,Swartz Bay,Spirit of British Columbia,2017,07,27,11,00,2017,07,27,11,02,2017,07,27,12,30
Tsawwassen,Swartz Bay,Coastal Celebration,2017,07,27,12,00,2017,07,27,12,11,2017,07,27,13,32
Tsawwassen,Swartz Bay,Spirit of Vancouver Island,2017,07,27,13,00,2017,07,27,13,04,2017,07,27,14,30
Tsawwassen,Swartz Bay,Queen of New Westminster,2017,07,27,14,00,2017,07,27,14,09,2017,07,27,15,32
Tsawwassen,Swartz Bay,Spirit of British Columbia,2017,07,27,15,00,2017,07,27,15,06,2017,07,27,16,36
Tsawwassen,Swartz Bay,Coastal Celebration,2017,07,27,16,00,2017,07,27,16,09,2017,07,27,17,34
Tsawwassen,Swartz Bay,Spirit of Vancouver Island,2017,07,27,17,00,2017,07,27,17,05,2017,07,27,18,41
Tsawwassen,Swartz Bay,Queen of New Westminster,2017,07,27,18,00,2017,07,27,18,01,2017,07,27,19,26
Tsawwassen,Swartz Bay,Spirit of British Columbia,2017,07,27,19,00,2017,07,27,19,08,2017,07,27,20,40
Tsawwassen,Swartz Bay,Coastal Celebration,2017,07,27,20,00,2017,07,27,20,09,2017,07,27,21,32
Tsawwassen,Swartz Bay,Spirit of Vancouver Island,2017,07,27,21,00,2017,07,27,21,08,2017,07,27,22,36
Swartz Bay,Tsawwassen,Coastal Celebration,2017,07,27,06,00,2017,07,27,06,01,2017,07,27,07,34
Swartz Bay,Tsawwassen,Spirit of Vancouver Island,2017,07,27,07,00,2017,07,27,07,00,2017,07,27,08,32
Swartz Bay,Tsawwassen,Queen of New Westminster,2017,07,27,08,00,2017,07,27,08,02,2017,07,27,09,28
Swartz Bay,Tsawwassen,Spirit of British Columbia,2017,07,27,09,00,2017,07,27,09,03,2017,07,27,10,30
Swartz Bay,Tsawwassen,Coastal Celebration,2017,07,27,10,00,2017,07,27,10,08,2017,07,27,11,38
Swartz Bay,Tsawwassen,Spirit of Vancouver Island,2017,07,27,11,00,2017,07,27,11,03,2017,07,27,12,32
Swartz Bay,Tsawwassen,Queen of New Westminster,2017,07,27,12,00,2017,07,27,12,06,2017,07,27,13,32
Swartz Bay,Tsawwassen,Spirit of British Columbia,2017,07,27,13,00,2017,07,27,13,02,2017,07,27,14,30
Swartz Bay,Tsawwassen,Coastal Celebration,2017,07,27,14,00,2017,07,27,14,10,2017,07,27,15,36
Swartz Bay,Tsawwassen,Spirit of Vancouver Island,2017,07,27,15,00,2017,07,27,15,05,2017,07,27,16,30
Swartz Bay,Tsawwassen,Queen of New Westminster,2017,07,27,16,00,2017,07,27,16,04,2017,07,27,17,28
Swartz Bay,Tsawwassen,Spirit of British Columbia,2017,07,27,17,00,2017,07,27,17,11,2017,07,27,18,36
Swartz Bay,Tsawwassen,Coastal Celebration,2017,07,27,18,00,2017,07,27,18,15,2017,07,27,19,36
Swartz Bay,Tsawwassen,Spirit of Vancouver Island,2017,07,27,19,00,2017,07,27,19,10,2017,07,27,20,34
Swartz Bay,Tsawwassen,Queen of New Westminster,2017,07,27,20,00,2017,07,27,20,04,2017,07,27,21,30
Swartz Bay,Tsawwassen,Spirit of British Columbia,2017,07,27,21,00,2017,07,27,21,08,2017,07,27,22,38
Tsawwassen,Swartz Bay,Spirit of British Columbia,2017,07,28,07,00,2017,07,28,06,59,2017,07,28,08,35
Tsawwassen,Swartz Bay,Queen of New Westminster,2017,07,28,08,00,2017,07,28,08,04,2017,07,28,09,30
Tsawwassen,Swartz Bay,Spirit of Vancouver Island,2017,07,28,09,00,2017,07,28,09,07,2017,07,28,10,36
Tsawwassen,Swartz Bay,Coastal Celebration,2017,07,28,10,00,2017,07,28,10,09,2017,07,28,11,28
Tsawwassen,Swartz Bay,Spirit of British Columbia,2017,07,28,11,00,2017,07,28,11,06,2017,07,28,12,30
Tsawwassen,Swartz Bay,Queen of New Westminster,2017,07,28,12,00,2017,07,28,12,06,2017,07,28,13,30
Tsawwassen,Swartz Bay,Spirit of Vancouver Island,2017,07,28,13,00,2017,07,28,13,14,2017,07,28,14,38
Tsawwassen,Swartz Bay,Coastal Celebration,2017,07,28,14,00,2017,07,28,14,10,2017,07,28,15,28
Tsawwassen,Swartz Bay,Spirit of British Columbia,2017,07,28,15,00,2017,07,28,15,06,2017,07,28,16,38
Tsawwassen,Swartz Bay,Queen of New Westminster,2017,07,28,16,00,2017,07,28,16,08,2017,07,28,17,38
Tsawwassen,Swartz Bay,Spirit of Vancouver Island,2017,07,28,17,00,2017,07,28,17,15,2017,07,28,18,44
Tsawwassen,Swartz Bay,Coastal Celebration,2017,07,28,18,00,2017,07,28,18,13,2017,07,28,19,40
Tsawwassen,Swartz Bay,Spirit of British Columbia,2017,07,28,19,00,2017,07,28,19,15,2017,07,28,20,50
Tsawwassen,Swartz Bay,Queen of New Westminster,2017,07,28,20,00,2017,07,28,20,13,2017,07,28,21,44
Tsawwassen,Swartz Bay,Spirit of Vancouver Island,2017,07,28,21,00,2017,07,28,21,22,2017,07,28,22,46
Tsawwassen,Swartz Bay,Coastal Celebration,2017,07,28,22,00,2017,07,28,22,12,2017,07,28,23,47
Swartz Bay,Tsawwassen,Spirit of Vancouver Island,2017,07,28,07,00,2017,07,28,07,04,2017,07,28,08,30
Swartz Bay,Tsawwassen,Coastal Celebration,2017,07,28,08,00,2017,07,28,08,06,2017,07,28,09,32
Swartz Bay,Tsawwassen,Spirit of British Columbia,2017,07,28,09,00,2017,07,28,09,07,2017,07,28,10,34
Swartz Bay,Tsawwassen,Queen of New Westminster,2017,07,28,10,00,2017,07,28,10,06,2017,07,28,11,32
Swartz Bay,Tsawwassen,Spirit of Vancouver Island,2017,07,28,11,00,2017,07,28,11,08,2017,07,28,12,38
Swartz Bay,Tsawwassen,Coastal Celebration,2017,07,28,12,00,2017,07,28,12,05,2017,07,28,13,32
Swartz Bay,Tsawwassen,Spirit of British Columbia,2017,07,28,13,00,2017,07,28,13,02,2017,07,28,14,28
Swartz Bay,Tsawwassen,Queen of New Westminster,2017,07,28,14,00,2017,07,28,14,03,2017,07,28,15,30
Swartz Bay,Tsawwassen,Spirit of Vancouver Island,2017,07,28,15,00,2017,07,28,15,13,2017,07,28,16,34
Swartz Bay,Tsawwassen,Coastal Celebration,2017,07,28,16,00,2017,07,28,16,14,2017,07,28,17,34
Swartz Bay,Tsawwassen,Spirit of British Columbia,2017,07,28,17,00,2017,07,28,17,14,2017,07,28,18,38
Swartz Bay,Tsawwassen,Queen of New Westminster,2017,07,28,18,00,2017,07,28,18,15,2017,07,28,19,34
Swartz Bay,Tsawwassen,Spirit of Vancouver Island,2017,07,28,19,00,2017,07,28,19,20,2017,07,28,20,44
Swartz Bay,Tsawwassen,Coastal Celebration,2017,07,28,20,00,2017,07,28,20,18,2017,07,28,21,44
Swartz Bay,Tsawwassen,Spirit of British Columbia,2017,07,28,21,00,2017,07,28,21,18,2017,07,28,22,46
Swartz Bay,Tsawwassen,Queen of New Westminster,2017,07,28,22,00,2017,07,28,22,06,2017,07,28,23,41
Tsawwassen,Swartz Bay,Queen of New Westminster,2017,07,29,06,00,2017,07,29,06,03,2017,07,29,07,32
Tsawwassen,Swartz Bay,Spirit of British Columbia,2017,07,29,07,00,2017,07,29,07,00,2017,07,29,08,30
Tsawwassen,Swartz Bay,Coastal Celebration,2017,07,29,08,00,2017,07,29,08,15,2017,07,29,09,38
Tsawwassen,Swartz Bay,Spirit of Vancouver Island,2017,07,29,09,00,2017,07,29,08,59,2017,07,29,10,32
Tsawwassen,Swartz Bay,Queen of New Westminster,2017,07,29,10,00,2017,07,29,10,05,2017,07,29,11,36
Tsawwassen,Swartz Bay,Spirit of British Columbia,2017,07,29,11,00,2017,07,29,11,08,2017,07,29,12,34
Tsawwassen,Swartz Bay,Coastal Celebration,2017,07,29,12,00,2017,07,29,12,10,2017,07,29,13,34
Tsawwassen,Swartz Bay,Spirit of Vancouver Island,2017,07,29,13,00,2017,07,29,13,12,2017,07,29,14,34
Tsawwassen,Swartz Bay,Queen of New Westminster,2017,07,29,14,00,2017,07,29,14,12,2017,07,29,15,32
Tsawwassen,Swartz Bay,Spirit of British Columbia,2017,07,29,15,00,2017,07,29,15,11,2017,07,29,16,38
Tsawwassen,Swartz Bay,Coastal Celebration,2017,07,29,16,00,2017,07,29,16,11,2017,07,29,17,40
Tsawwassen,Swartz Bay,Spirit of Vancouver Island,2017,07,29,17,00,2017,07,29,17,08,2017,07,29,18,36
Tsawwassen,Swartz Bay,Queen of New Westminster,2017,07,29,18,00,2017,07,29,18,04,2017,07,29,19,34
Tsawwassen,Swartz Bay,Spirit of British Columbia,2017,07,29,19,00,2017,07,29,19,21,2017,07,29,20,52
Tsawwassen,Swartz Bay,Coastal Celebration,2017,07,29,20,00,2017,07,29,20,02,2017,07,29,21,28
Tsawwassen,Swartz Bay,Spirit of Vancouver Island,2017,07,29,21,00,2017,07,29,21,02,2017,07,29,22,30
Swartz Bay,Tsawwassen,Coastal Celebration,2017,07,29,06,00,2017,07,29,06,14,2017,07,29,07,38
Swartz Bay,Tsawwassen,Spirit of Vancouver Island,2017,07,29,07,00,2017,07,29,07,00,2017,07,29,08,30
Swartz Bay,Tsawwassen,Queen of New Westminster,2017,07,29,08,00,2017,07,29,08,04,2017,07,29,09,32
Swartz Bay,Tsawwassen,Spirit of British Columbia,2017,07,29,09,00,2017,07,29,09,02,2017,07,29,10,30
Swartz Bay,Tsawwassen,Coastal Celebration,2017,07,29,10,00,2017,07,29,10,15,2017,07,29,11,34
Swartz Bay,Tsawwassen,Spirit of Vancouver Island,2017,07,29,11,00,2017,07,29,11,06,2017,07,29,12,34
Swartz Bay,Tsawwassen,Queen of New Westminster,2017,07,29,12,00,2017,07,29,12,09,2017,07,29,13,36
Swartz Bay,Tsawwassen,Spirit of British Columbia,2017,07,29,13,00,2017,07,29,13,03,2017,07,29,14,36
Swartz Bay,Tsawwassen,Coastal Celebration,2017,07,29,14,00,2017,07,29,14,09,2017,07,29,15,36
Swartz Bay,Tsawwassen,Spirit of Vancouver Island,2017,07,29,15,00,2017,07,29,15,06,2017,07,29,16,36
Swartz Bay,Tsawwassen,Queen of New Westminster,2017,07,29,16,00,2017,07,29,16,03,2017,07,29,17,30
Swartz Bay,Tsawwassen,Spirit of British Columbia,2017,07,29,17,00,2017,07,29,17,07,2017,07,29,18,32
Swartz Bay,Tsawwassen,Coastal Celebration,2017,07,29,18,00,2017,07,29,18,08,2017,07,29,19,34
Swartz Bay,Tsawwassen,Spirit of Vancouver Island,2017,07,29,19,00,2017,07,29,19,02,2017,07,29,20,36
Swartz Bay,Tsawwassen,Queen of New Westminster,2017,07,29,20,00,2017,07,29,20,02,2017,07,29,21,28
Swartz Bay,Tsawwassen,Spirit of British Columbia,2017,07,29,21,00,2017,07,29,21,16,2017,07,29,22,38
Tsawwassen,Swartz Bay,Spirit of British Columbia,2017,07,30,07,00,2017,07,30,07,01,2017,07,30,08,38
Tsawwassen,Swartz Bay,Queen of New Westminster,2017,07,30,08,00,2017,07,30,08,01,2017,07,30,09,30
Tsawwassen,Swartz Bay,Spirit of Vancouver Island,2017,07,30,09,00,2017,07,30,09,04,2017,07,30,10,38
Tsawwassen,Swartz Bay,Coastal Celebration,2017,07,30,10,00,2017,07,30,10,08,2017,07,30,11,32
Tsawwassen,Swartz Bay,Spirit of British Columbia,2017,07,30,11,00,2017,07,30,11,06,2017,07,30,12,34
Tsawwassen,Swartz Bay,Queen of New Westminster,2017,07,30,12,00,2017,07,30,12,08,2017,07,30,13,32
Tsawwassen,Swartz Bay,Spirit of Vancouver Island,2017,07,30,13,00,2017,07,30,13,03,2017,07,30,14,28
Tsawwassen,Swartz Bay,Spirit of British Columbia,2017,07,30,15,00,2017,07,30,16,23,2017,07,30,18,08
Tsawwassen,Swartz Bay,Queen of New Westminster,2017,07,30,16,00,2017,07,30,16,06,2017,07,30,17,30
Tsawwassen,Swartz Bay,Spirit of Vancouver Island,2017,07,30,17,00,2017,07,30,17,13,2017,07,30,19,00
Tsawwassen,Swartz Bay,Coastal Celebration,2017,07,30,18,00,2017,07,30,18,16,2017,07,30,19,42
Tsawwassen,Swartz Bay,Spirit of British Columbia,2017,07,30,19,00,2017,07,30,20,51,2017,07,30,22,18
Tsawwassen,Swartz Bay,Queen of New Westminster,2017,07,30,20,00,2017,07,30,20,04,2017,07,30,21,30
Tsawwassen,Swartz Bay,Spirit of Vancouver Island,2017,07,30,21,00,2017,07,30,21,35,2017,07,30,23,02
Tsawwassen,Swartz Bay,Coastal Celebration,2017,07,30,22,00,2017,07,30,22,15,2017,07,30,23,50
Swartz Bay,Tsawwassen,Spirit of Vancouver Island,2017,07,30,07,00,2017,07,30,07,00,2017,07,30,08,32
Swartz Bay,Tsawwassen,Coastal Celebration,2017,07,30,08,00,2017,07,30,08,01,2017,07,30,09,34
Swartz Bay,Tsawwassen,Spirit of British Columbia,2017,07,30,09,00,2017,07,30,09,08,2017,07,30,10,32
Swartz Bay,Tsawwassen,Queen of New Westminster,2017,07,30,10,00,2017,07,30,10,05,2017,07,30,11,26
Swartz Bay,Tsawwassen,Spirit of Vancouver Island,2017,07,30,11,00,2017,07,30,11,08,2017,07,30,12,32
Swartz Bay,Tsawwassen,Coastal Celebration,2017,07,30,12,00,2017,07,30,12,02,2017,07,30,13,34
Swartz Bay,Tsawwassen,Queen of New Westminster,2017,07,30,14,00,2017,07,30,14,12,2017,07,30,15,36
Swartz Bay,Tsawwassen,Spirit of Vancouver Island,2017,07,30,15,00,2017,07,30,15,03,2017,07,30,16,36
Swartz Bay,Tsawwassen,Coastal Celebration,2017,07,30,16,00,2017,07,30,16,13,2017,07,30,17,40
Swartz Bay,Tsawwassen,Spirit of British Columbia,2017,07,30,17,00,2017,07,30,18,53,2017,07,30,20,18
Swartz Bay,Tsawwassen,Queen of New Westminster,2017,07,30,18,00,2017,07,30,18,08,2017,07,30,19,30
Swartz Bay,Tsawwassen,Spirit of Vancouver Island,2017,07,30,19,00,2017,07,30,19,41,2017,07,30,21,04
Swartz Bay,Tsawwassen,Coastal Celebration,2017,07,30,20,00,2017,07,30,20,22,2017,07,30,21,50
Swartz Bay,Tsawwassen,Spirit of British Columbia,2017,07,30,21,00,2017,07,30,22,49,2017,07,31,00,24
Swartz Bay,Tsawwassen,Queen of New Westminster,2017,07,30,22,00,2017,07,30,22,03,2017,07,30,23,38
Tsawwassen,Swartz Bay,Queen of New Westminster,2017,07,31,06,00,2017,07,31,06,04,2017,07,31,07,30
Tsawwassen,Swartz Bay,Spirit of British Columbia,2017,07,31,07,00,2017,07,31,07,00,2017,07,31,08,32
Tsawwassen,Swartz Bay,Coastal Celebration,2017,07,31,08,00,2017,07,31,08,03,2017,07,31,09,38
Tsawwassen,Swartz Bay,Spirit of Vancouver Island,2017,07,31,09,00,2017,07,31,09,02,2017,07,31,10,32
Tsawwassen,Swartz Bay,Queen of New Westminster,2017,07,31,10,00,2017,07,31,10,01,2017,07,31,11,30
Tsawwassen,Swartz Bay,Spirit of British Columbia,2017,07,31,11,00,2017,07,31,11,06,2017,07,31,12,32
Tsawwassen,Swartz Bay,Coastal Celebration,2017,07,31,12,00,2017,07,31,12,10,2017,07,31,13,34
Tsawwassen,Swartz Bay,Spirit of Vancouver Island,2017,07,31,13,00,2017,07,31,13,08,2017,07,31,14,32
Tsawwassen,Swartz Bay,Queen of New Westminster,2017,07,31,14,00,2017,07,31,14,10,2017,07,31,15,40
Tsawwassen,Swartz Bay,Spirit of British Columbia,2017,07,31,15,00,2017,07,31,15,04,2017,07,31,16,34
Tsawwassen,Swartz Bay,Coastal Celebration,2017,07,31,16,00,2017,07,31,16,18,2017,07,31,17,38
Tsawwassen,Swartz Bay,Spirit of Vancouver Island,2017,07,31,17,00,2017,07,31,17,07,2017,07,31,18,32
Tsawwassen,Swartz Bay,Queen of New Westminster,2017,07,31,18,00,2017,07,31,18,07,2017,07,31,19,32
Tsawwassen,Swartz Bay,Spirit of British Columbia,2017,07,31,19,00,2017,07,31,19,04,2017,07,31,20,32
Tsawwassen,Swartz Bay,Coastal Celebration,2017,07,31,20,00,2017,07,31,20,04,2017,07,31,21,26
Tsawwassen,Swartz Bay,Spirit of Vancouver Island,2017,07,31,21,00,2017,07,31,21,00,2017,07,31,22,28
Swartz Bay,Tsawwassen,Coastal Celebration,2017,07,31,06,00,2017,07,31,06,02,2017,07,31,07,32
Swartz Bay,Tsawwassen,Spirit of Vancouver Island,2017,07,31,07,00,2017,07,31,07,01,2017,07,31,08,30
Swartz Bay,Tsawwassen,Queen of New Westminster,2017,07,31,08,00,2017,07,31,08,04,2017,07,31,09,26
Swartz Bay,Tsawwassen,Spirit of British Columbia,2017,07,31,09,00,2017,07,31,09,01,2017,07,31,10,34
Swartz Bay,Tsawwassen,Coastal Celebration,2017,07,31,10,00,2017,07,31,10,08,2017,07,31,11,34
Swartz Bay,Tsawwassen,Spirit of Vancouver Island,2017,07,31,11,00,2017,07,31,11,03,2017,07,31,12,32
Swartz Bay,Tsawwassen,Queen of New Westminster,2017,07,31,12,00,2017,07,31,12,04,2017,07,31,13,30
Swartz Bay,Tsawwassen,Spirit of British Columbia,2017,07,31,13,00,2017,07,31,13,06,2017,07,31,14,34
Swartz Bay,Tsawwassen,Coastal Celebration,2017,07,31,14,00,2017,07,31,14,10,2017,07,31,15,40
Swartz Bay,Tsawwassen,Spirit of Vancouver Island,2017,07,31,15,00,2017,07,31,15,08,2017,07,31,16,37
Swartz Bay,Tsawwassen,Queen of New Westminster,2017,07,31,16,00,2017,07,31,16,12,2017,07,31,17,40
Swartz Bay,Tsawwassen,Spirit of British Columbia,2017,07,31,17,00,2017,07,31,17,04,2017,07,31,18,34
Swartz Bay,Tsawwassen,Coastal Celebration,2017,07,31,18,00,2017,07,31,18,04,2017,07,31,19,34
Swartz Bay,Tsawwassen,Spirit of Vancouver Island,2017,07,31,19,00,2017,07,31,19,02,2017,07,31,20,28
Swartz Bay,Tsawwassen,Queen of New Westminster,2017,07,31,20,00,2017,07,31,20,00,2017,07,31,21,23
Swartz Bay,Tsawwassen,Spirit of British Columbia,2017,07,31,21,00,2017,07,31,20,59,2017,07,31,22,28
